feature_type	combination_name	combination_id	segment	position_met1	position_H5	position_H3	ref_AA	alt_AA	name	subtype_tested	subtype_notes	phenotypic_consequences	phenotypic_category	concern_score	confidence_score	phenotypic_effect	host_type	host_taxon	source	references	PMID	additional_comments	gpha_background	gpha_known_muts
combination	HA:E75K-HA:S123P	HA:E75K-HA:S123P:1	HA	91	75	83	E	K		H5N1		Increased virus binding to α2–6	two_six_receptor_binding			increase			literature	https://doi.org/10.1038/nature05264 	17108965		Y	
combination	HA:E75K-HA:S123-HA:R497K	HA:E75K-HA:S123-HA:R497K:1	HA	91	75	83	E	K		H5N1		Increased virus binding to α2–6	two_six_receptor_binding			increase			literature	https://doi.org/10.1038/nature05264 	17108965		Y	
combination	HA:E75K-HA:S123P-HA:N193K-HA:R497K	HA:E75K-HA:S123P-HA:N193K-HA:R497K:1	HA	91	75	83	E	K		H5N1		Increased virus binding to α2–6	two_six_receptor_binding			increase			literature	https://doi.org/10.1038/nature05264 	17108965		Y	
combination	HA:E75K-HA:N193K-HA:R497K	HA:E75K-HA:N193K-HA:R497K:1	HA	91	75	83	E	K		H5N1		Increased virus binding to α2–6	two_six_receptor_binding			increase			literature	https://doi.org/10.1038/nature05264 	17108965		Y	
combination	HA:E75K-HA:R497K	HA:E75K-HA:R497K:1	HA	91	75	83	E	K		H5N1		Increased virus binding to α2–6	two_six_receptor_binding			increase			literature	https://doi.org/10.1038/nature05264 	17108965		Y	
single			HA	110	94	101	D	N		H5N1		Increased virus binding to α2–6	two_six_receptor_binding			increase			literature	https://doi.org/10.1007/s00705-008-0255-y 	19020946		Y	Y
multi_segment_combination	HA:H103Y-HA:T156A-HA:Q222L-HA:G224S-PB2:E627K-PB1:H99Y	HA:H103Y-HA:T156A-HA:Q222L-HA:G224S-PB2:E627K-PB1:H99Y:1	HA	119	103	110	H	Y		H5N1		Airborne transmissible in ferrets	transmissibility			increase	mammalian	ferret	literature	https://doi.org/10.1126/science.1213362	22723413	Many combinations tested		
multi_segment_combination	HA:H103Y-HA:T156A-HA:Q222L-HA:G224S-PB2:E627K-PB1:H99Y	HA:H103Y-HA:T156A-HA:Q222L-HA:G224S-PB2:E627K-PB1:H99Y:1	HA	119	103	110	H	Y		H5N1		Airborne transmissible in ferrets	transmissibility			increase	mammalian	ferret	literature	https://doi.org/10.1016/j.cell.2014.02.040 	24725402	Many combinations tested		
multi_segment_combination	NP:R99K-NP:S345N-PB1:H99Y-PB1:I368V-HA:H103Y-HA:T156A-HA:Q222L-HA:G224S-PB2:E627K	NP:R99K-NP:S345N-PB1:H99Y-PB1:I368V-HA:H103Y-HA:T156A-HA:Q222L-HA:G224S-PB2:E627K:5	HA	119	103	110	H	Y	H103Y	H5N1		H5 virus transmissible among ferrets	transmissibility			increase	mammalian	ferret	CDC	https://doi.org/10.1126/science.1213362 	22723413	NP mutations associated but no evidence they contribute to transmissibility		
combination	HA:S107R-HA:T108I	HA:S107R-HA:T108I:1	HA	123	107	114	S	R		H5N1		Increased virulence in chickens and mice	virulence			increase			literature	https://doi.org/10.1128/JVI.00778-18 	29899102		Y	
combination	HA:S107R-HA:T108I	HA:S107R-HA:T108I:1	HA	123	107	114	S	R		H5N1		Increased pH of fusion	fusion_ph			increase			literature	https://doi.org/10.1128/JVI.00778-18 	29899102		Y	
combination	HA:S107R-HA:T108I	HA:S107R-HA:T108I:2	HA	124	108	115	T	I		H5N1		Increased virulence in chickens and mice	virulence			increase			literature	https://doi.org/10.1128/JVI.00778-18 	29899102		Y	
combination	HA:S107R-HA:T108I	HA:S107R-HA:T108I:2	HA	124	108	115	T	I		H5N1		Increased pH of fusion	fusion_ph			increase			literature	https://doi.org/10.1128/JVI.00778-18 	29899102		Y	
single			HA	137	121	126	S	N		H5N1		Increased virus binding to α2–6	two_six_receptor_binding			increase			literature	https://doi.org/10.1128/JVI.00221-10 	20427525		Y	Y
combination	HA:E75K-HA:S123P	HA:E75K-HA:S123P:2	HA	139	123	128	S	P		H5N1		Increased virus binding to α2–6	two_six_receptor_binding			increase			literature	https://doi.org/10.1038/nature05264 	17108965		Y	
combination	HA:E75K-HA:S123-HA:R497K	HA:E75K-HA:S123-HA:R497K:2	HA	139	123	128	S	P		H5N1		Increased virus binding to α2–6	two_six_receptor_binding			increase			literature	https://doi.org/10.1038/nature05264 	17108965		Y	
combination	HA:E75K-HA:S123P-HA:N193K-HA:R497K	HA:E75K-HA:S123P-HA:N193K-HA:R497K:2	HA	139	123	128	S	P		H5N1		Increased virus binding to α2–6	two_six_receptor_binding			increase			literature	https://doi.org/10.1038/nature05264 	17108965		Y	
combination	HA:S123P-HA:N193K	HA:S123P-HA:N193K:1	HA	139	123	128	S	P		H5N1		Increased virus binding to α2–6	two_six_receptor_binding			increase			literature	https://doi.org/10.1038/nature05264 	17108965		Y	
combination	HA:S123P-HA:N193K-HA:R497K	HA:S123P-HA:N193K-HA:R497K:1	HA	139	123	128	S	P		H5N1		Increased virus binding to α2–6	two_six_receptor_binding			increase			literature	https://doi.org/10.1038/nature05264 	17108965		Y	
combination	HA:S123P-HA:R497K	HA:S123P-HA:R497K:1	HA	139	123	128	S	P		H5N1		Increased virus binding to α2–6	two_six_receptor_binding			increase			literature	https://doi.org/10.1038/nature05264 	17108965		Y	
single			HA	149	133	137	S	A		H5N1		Increased pseudovirus binding to α2–6	two_six_receptor_binding			increase			literature	https://doi.org/10.1126/science.1135165 	17690300		Y	Y
combination	HA:S133A-HA:T188I	HA:S133A-HA:T188I:1	HA	149	133	137	S	A		H5N1		Increased pseudovirus binding to α2–6	two_six_receptor_binding			increase			literature	https://doi.org/10.1126/science.1135165 	17690300		Y	
single			HA	150	134	138	A	V		H5N1		Increased infectivity in SIAT Cells	infectivity			increase			literature	https://doi.org/10.1128/AAC.01773-10 	21343450	Emerged in the course of virus replication in a patient (fatal case)	Y	Y
single			HA	150	134	138	A	V		H5N1		Increased virus binding to α2–6	two_six_receptor_binding			increase			literature	https://doi.org/10.1099/vir.0.2008/002469-0 	18632950	Emerged in the course of virus replication in a patient (fatal case)	Y	Y
combination	HA:L129V-HA:A134V	HA:L129V-HA:A134V:2	HA	150	134	138	A	V		H5N1		Increased virus binding to α2–6	two_six_receptor_binding			increase			literature	https://doi.org/10.1128/JVI.00468-07 	17626098		Y	
single			HA	155	139	143	G	R		H5N1		Increased virus binding to α2–6	two_six_receptor_binding			increase			literature	https://doi.org/10.1038/nature05264 	17108965		Y	Y
combination	HA:G139R-HA:N182K	HA:G139R-HA:N182K:1	HA	155	139	143	G	R		H5N1		Decreased binding to α2–3	two_three_receptor_binding			decrease			literature	https://doi.org/10.1038/nature05264 	17108965		Y	
combination	HA:G139R-HA:N182K	HA:G139R-HA:N182K:1	HA	155	139	143	G	R		H5N1		Increased virus binding to α2–6	two_six_receptor_binding			increase			literature	https://doi.org/10.1038/nature05264 	17108965		Y	
combination	HA:G139R-HA:N182K	HA:G139R-HA:N182K:1	HA	155	139	143	G	R		H5N1		Decreased binding to α2–3	two_three_receptor_binding			decrease			literature	https://doi.org/10.1128/JVI.02737-09 	20392847		Y	
combination	HA:G139R-HA:N182K	HA:G139R-HA:N182K:1	HA	155	139	143	G	R		H5N1		Increased virus binding to α2–6	two_six_receptor_binding			increase			literature	https://doi.org/10.1128/JVI.02737-09 	20392847	Small increase	Y	
combination	HA:L129del-HA:I151T	HA:L129del-HA:I151T:2	HA	167	151	155	I	T		H5N1		Increased virus binding to α2–6	two_six_receptor_binding			increase			literature	https://doi.org/10.1371/journal.ppat.1002068 	21637809		Y	
single			HA	170	154	158	S	N		H5N1		Increased virus binding to α2–6	two_six_receptor_binding			increase			literature	https://doi.org/10.1128/JVI.00221-10 	20427525		Y	N
single			HA	170	154	158	N	D		H9N2		Decreased virulence in mice	virulence			decrease			literature	https://doi.org/10.3390/v11080709 	31382442		Y	N
combination	HA:N154D-HA:N220K-HA:Q222L-HA:T315I	HA:N154D-HA:N220K-HA:Q222L-HA:T315I:1	HA	170	154	158	N	D		H5N1		Transmissible among ferrets	transmissibility			increase	mammalian	ferret 	literature	https://doi.org/10.1038/nature10831 	22722205		Y	
combination	HA:N154S-HA:Q222L	HA:N154S-HA:Q222L:1	HA	170	154	158	N	S		H5N1		Increased virus binding to α2–6	two_six_receptor_binding			increase			literature	https://doi.org/10.1371/journal.ppat.1000043 	18404209		Y	
combination	HA:N154S-HA:Q222L-HA:N244D	HA:N154S-HA:Q222L-HA:N244D:1	HA	170	154	158	N	S		H5N1		Increased virus binding to α2–6	two_six_receptor_binding			increase			literature	https://doi.org/10.1371/journal.ppat.1000043 	18404209		Y	
single			HA	171	155	159	S	N		H5N1		Increased virus binding to α2–6	two_six_receptor_binding			increase			literature	https://doi.org/10.1128/JVI.00221-10 	20427525		Y	Y
combination	HA:S155N-HA:T156A	HA:S155N-HA:T156A:1	HA	171	155	159	S	N		H5N1		Increased virus binding to α2–6	two_six_receptor_binding			increase			literature	https://doi.org/10.1128/JVI.00221-10 	20427525		Y	
combination	HA:S155N-HA:T156A-HA:S223N	HA:S155N-HA:T156A-HA:S223N:1	HA	171	155	159	S	N		H5N1		Increased virus binding to α2–6	two_six_receptor_binding			increase			literature	https://doi.org/10.1073/pnas.0811052106 	19116267	S155N and T156A remove the residue-158 glycosylation site (H3 numbering)	Y	
combination	HA:S155N-HA:T156A-HA:S223N	HA:S155N-HA:T156A-HA:S223N:1	HA	171	155	159	S	N		H5N1		Reduced lethality and systemic spread in mice	lethality			decrease	mammalian	mouse	literature	https://doi.org/10.1073/pnas.0811052106 	19116267	S155N and T156A remove the residue-158 glycosylation site (H3 numbering)	Y	
single			HA	172	156	160	T	A		H5N1		Increased virus binding to α2–6	two_six_receptor_binding			increase			literature	https://doi.org/10.1128/JVI.00221-10 	20427525		Y	Y
single			HA	172	156	160	T	A		H5N1		Increased virus binding to α2–6	two_six_receptor_binding			increase			literature	https://doi.org/10.1371/journal.ppat.1000709 	20041223		Y	Y
single			HA	172	156	160	T	A		H5N1		Increased transmission in guinea pigs	transmissibility			increase			literature	https://doi.org/10.1371/journal.ppat.1000709 	20041223		Y	Y
combination	HA:S155N-HA:T156A	HA:S155N-HA:T156A:2	HA	172	156	160	T	A		H5N1		Increased virus binding to α2–6	two_six_receptor_binding			increase			literature	https://doi.org/10.1128/JVI.00221-10 	20427525		Y	
combination	HA:S155N-HA:T156A-HA:S223N	HA:S155N-HA:T156A-HA:S223N:2	HA	172	156	160	T	A		H5N1		Increased virus binding to α2–6	two_six_receptor_binding			increase			literature	https://doi.org/10.1073/pnas.0811052106 	19116267	S155N and T156A remove the residue-158 glycosylation site (H3 numbering)	Y	
combination	HA:S155N-HA:T156A-HA:S223N	HA:S155N-HA:T156A-HA:S223N:2	HA	172	156	160	T	A		H5N1		Reduced lethality and systemic spread in mice	lethality			decrease	mammalian	mouse	literature	https://doi.org/10.1073/pnas.0811052106 	19116267	S155N and T156A remove the residue-158 glycosylation site (H3 numbering)	Y	
combination	HA:T156A-HA:K189T-HA:N220K-HA:Q222L	HA:T156A-HA:K189T-HA:N220K-HA:Q222L:1	HA	172	156	160	T	A		H5N1		Increased virus binding to α2–6	two_six_receptor_binding			increase			literature	https://doi.org/10.1128/JVI.02016-17 	29491160		Y	
combination	HA:T156A-HA:Q222L	HA:T156A-HA:Q222L:1	HA	172	156	160	T	A		H5N1		Increased virus binding to α2–6	two_six_receptor_binding			increase			literature	https://doi.org/10.1128/JVI.00221-10 	20427525		Y	
combination	HA:T156A-HA:Q222L-HA:G224S	HA:T156A-HA:Q222L-HA:G224S:1	HA	172	156	160	T	A		H5N1		Increased virus binding to α2–6	two_six_receptor_binding			increase			literature	https://doi.org/10.1128/JVI.00221-10 	20427525		Y	
combination	HA:T156A-HA:Q222L-HA:G224S	HA:T156A-HA:Q222L-HA:G224S:1	HA	172	156	160	T	A		H5N1		Increased virus binding to α2–6	two_six_receptor_binding			increase			literature	https://doi.org/10.1016/j.jmb.2008.04.016 	18672252		Y	
combination	HA:T156A-HA:S223N	HA:T156A-HA:S223N:1	HA	172	156	160	T	A		H5N1		Increased virus binding to α2–6	two_six_receptor_binding			increase			literature	https://doi.org/10.1128/JVI.00221-10 	20427525		Y	
combination	HA:T156A-HA:S223N	HA:T156A-HA:S223N:1	HA	172	156	160	T	A		H5N1		No loss of virus binding to α2–3	two_three_receptor_binding			maintain			literature	https://doi.org/10.1128/JVI.00221-10 	20427525		Y	
multi_segment_combination	HA:H103Y-HA:T156A-HA:Q222L-HA:G224S-PB2:E627K-PB1:H99Y	HA:H103Y-HA:T156A-HA:Q222L-HA:G224S-PB2:E627K-PB1:H99Y:2	HA	172	156	160	T	A		H5N1		Airborne transmissible in ferrets	transmissibility			increase	mammalian	ferret	literature	https://doi.org/10.1126/science.1213362	22723413	Many combinations tested		
multi_segment_combination	HA:H103Y-HA:T156A-HA:Q222L-HA:G224S-PB2:E627K-PB1:H99Y	HA:H103Y-HA:T156A-HA:Q222L-HA:G224S-PB2:E627K-PB1:H99Y:2	HA	172	156	160	T	A		H5N1		Airborne transmissible in ferrets	transmissibility			increase	mammalian	ferret	literature	https://doi.org/10.1016/j.cell.2014.02.040 	24725402	Many combinations tested		
multi_segment_combination	NP:R99K-NP:S345N-PB1:H99Y-PB1:I368V-HA:H103Y-HA:T156A-HA:Q222L-HA:G224S-PB2:E627K	NP:R99K-NP:S345N-PB1:H99Y-PB1:I368V-HA:H103Y-HA:T156A-HA:Q222L-HA:G224S-PB2:E627K:6	HA	172	156	160	T	A	T156A	H5N1		H5 virus transmissible among ferrets	transmissibility			increase	mammalian	ferret	CDC	https://doi.org/10.1126/science.1213362 	22723413	NP mutations associated but no evidence they contribute to transmissibility		
single			HA	198	182	186	G	V		H7N9		Increased virus binding to α2–3	two_three_receptor_binding			increase			literature	https://doi.org/10.1038/srep03058 	24162312		Y	N
single			HA	198	182	186	N	D		H5N1		Increased virus binding to α2–6	two_six_receptor_binding			increase			literature	https://doi.org/10.1099/vir.0.2008/002469-0 	18632950		Y	N
single			HA	198	182	186	N	K		H5N1		Increased virus binding to α2–6	two_six_receptor_binding			increase			literature	https://doi.org/10.1371/journal.ppat.1000709 	20041223		Y	N
single			HA	198	182	186	N	K		H5N1		Increased virus binding to α2–6	two_six_receptor_binding			increase			literature	https://doi.org/10.1038/nature05264 	17108965		Y	Y
single			HA	198	182	186	N	K		H5N1		Increased virus binding to α2–6	two_six_receptor_binding			increase			literature	https://doi.org/10.1128/JVI.02737-09	20392847			Y
single			HA	198	182	186	V	N		H13N6		Increased binding to α2–6	two_six_receptor_binding			increase			literature	https://doi.org/10.1128/JVI.00235-13 	23760233		Y	
single			HA	198	182	186	V	N		H13N6		Decreased binding to α2–3	two_three_receptor_binding			decrease			literature	https://doi.org/10.1128/JVI.00235-13 	23760233		Y	
single			HA	198	182	186	P	L		H6N1		Decreased binding to α2–3	two_three_receptor_binding			decrease			literature	https://doi.org/10.15252/embj.201590960 	25940072		Y	
combination	HA:G139R-HA:N182K	HA:G139R-HA:N182K:2	HA	198	182	186	N	K		H5N1		Decreased binding to α2–3	two_three_receptor_binding			decrease			literature	https://doi.org/10.1038/nature05264 	17108965		Y	
combination	HA:G139R-HA:N182K	HA:G139R-HA:N182K:2	HA	198	182	186	N	K		H5N1		Increased virus binding to α2–6	two_six_receptor_binding			increase			literature	https://doi.org/10.1038/nature05264 	17108965		Y	
combination	HA:G139R-HA:N182K	HA:G139R-HA:N182K:2	HA	198	182	186	N	K		H5N1		Decreased binding to α2–3	two_three_receptor_binding			decrease			literature	https://doi.org/10.1128/JVI.02737-09 	20392847		Y	
combination	HA:G139R-HA:N182K	HA:G139R-HA:N182K:2	HA	198	182	186	N	K		H5N1		Increased virus binding to α2–6	two_six_receptor_binding			increase			literature	https://doi.org/10.1128/JVI.02737-09 	20392847	Small increase	Y	
combination	HA:V182K-HA:K189T-HA:G224S	HA:V182K-HA:K189T-HA:G224S:1	HA	198	182	186	V	K		H7N9		Increased virus binding to α2–6	two_six_receptor_binding			increase			literature	https://doi.org/10.1371/journal.ppat.1006390 	28617868		Y	
combination	HA:V182G-HA:K189T-HA:G224S	HA:V182G-HA:K189T-HA:G224S:1	HA	198	182	186	V	G		H7N9		Increased virus binding to α2–6	two_six_receptor_binding			increase			literature	https://doi.org/10.1371/journal.ppat.1006390 	28617868		Y	
combination	HA:V182N-HA:N220K-HA:G224S	HA:V182N-HA:N220K-HA:G224S:1	HA	198	182	186	V	N		H7N9		Increased virus binding to α2–6	two_six_receptor_binding			increase			literature	https://doi.org/10.1371/journal.ppat.1006390 	28617868		Y	
combination	HA:N182K-HA:Q192R-HA:Q222L-HA:S223N-HA:G224S	HA:N182K-HA:Q192R-HA:Q222L-HA:S223N-HA:G224S:1	HA	198	182	186	N	K		H5N1		Increased virus binding to α2–6	two_six_receptor_binding			increase			literature	https://doi.org/10.1128/JVI.02737-09 	20392847		Y	
combination	HA:N182K-HA:Q222L-HA:S223N-HA:G224S	HA:N182K-HA:Q222L-HA:S223N-HA:G224S:1	HA	198	182	186	N	K		H5N1		Increased virus binding to α2–6	two_six_receptor_binding			increase			literature	https://doi.org/10.1128/JVI.02737-09 	20392847		Y	
combination	HA:N182K-HA:Q222L-HA:G224S	HA:N182K-HA:Q222L-HA:G224S:1	HA	198	182	186	N	K		H5N1		Increased virus binding to α2–6	two_six_receptor_binding			increase			literature	https://doi.org/10.1128/JVI.02737-09 	20392847		Y	
single			HA	199	183	187	D	G		H5N1		Increased virus binding to α2–6	two_six_receptor_binding			increase			literature	https://doi.org/10.1016/j.virol.2011.10.006 	22056389		Y	
combination	HA:E183G-HA:E186D-HA:K189S-HA:Q222L-HA:G224S	HA:E183G-HA:E186D-HA:K189S-HA:Q222L-HA:G224S:1	HA	199	183	187	E	G		H5N1		Increased virus binding to α2–6	two_six_receptor_binding			increase			literature	https://doi.org/10.1016/j.virol.2011.02.015 	21397290		Y	
combination	HA:D183G-HA:Q222L-HA:G224S	HA:D183G-HA:Q222L-HA:G224S:1	HA	199	183	187	D	G		H5N1		Increased virus binding to α2–6	two_six_receptor_binding			increase			literature	https://doi.org/10.1016/j.virol.2011.10.006 	22056389		Y	
combination	HA:D183G-HA:S223N	HA:D183G-HA:S223N:1	HA	199	183	187	D	G		H5N1		Increased virus binding to α2–6	two_six_receptor_binding			increase			literature	https://doi.org/10.1016/j.virol.2011.10.006 	22056389		Y	
combination	HA:T185A-HA:G188R	HA:T185A-HA:G188R:1	HA	201	185	189	T	A		H9N2	Human H3N2 backbone	Increased tranmission in ferrets	transmissibility			increase	mammalian	ferret 	literature	https://doi.org/10.1073/pnas.0900877106 	19380727		Y	
single			HA	202	186	190	E	G		H5N1		Increased virus binding to α2–6	two_six_receptor_binding			increase			literature	https://doi.org/10.1016/j.virol.2011.10.006 	22056389	Modest increase in 2,6 binding	Y	
single			HA	202	186	190	E	G		H5N1		Reduced α2–3 binding	two_three_receptor_binding			decrease			literature	https://doi.org/10.1016/j.virol.2011.10.006 	22056389	Minimal decrease in 2,3 binding	Y	
single			HA	202	186	190	E	G		H5N1		Increased virus binding to α2–6	two_six_receptor_binding			increase			literature	https://doi.org/10.1002/jmv.24257 	26089289		Y	
single			HA	202	186	190	E	G		H5N1		Reduced α2–3 binding	two_three_receptor_binding			decrease			literature	https://doi.org/10.1002/jmv.24257 	26089289		Y	
single			HA	202	186	190	E	G		H5N1		Decreased virulence in mice	virulence			decrease			literature	https://doi.org/10.1002/jmv.24257 	26089289		Y	
single			HA	202	186	190	E	V		H6N2		Decreased binding to α2–3	two_three_receptor_binding			decrease			literature	https://doi.org/10.1016/j.micinf.2017.09.008 	28951329		Y	
single			HA	202	186	190	E	V		H6N2		Decreased binding to α2–6	two_six_receptor_binding			decrease			literature	https://doi.org/10.1016/j.micinf.2017.09.008 	28951329		Y	
single			HA	202	186	190	T	V		H9N2		Enhances binding affinity to mammalian cells 	binding_affinity			increase			literature	https://doi.org/10.1128/JVI.01141-16 	27558420		Y	
single			HA	202	186	190	T	V		H9N2		Enhances replication in mammalian cells	replication			increase			literature	https://doi.org/10.1128/JVI.01141-16 	27558420		Y	
combination	HA:E183G-HA:E186D-HA:K189S-HA:Q222L-HA:G224S	HA:E183G-HA:E186D-HA:K189S-HA:Q222L-HA:G224S:2	HA	202	186	190	E	D		H5N1		Increased virus binding to α2–6	two_six_receptor_binding			increase			literature	https://doi.org/10.1016/j.virol.2011.02.015 	21397290		Y	
combination	HA:E186G-HA:Q222L-HA:G224S	HA:E186G-HA:Q222L-HA:G224S:1	HA	202	186	190	E	G		H5N1		Increased virus binding to α2–6	two_six_receptor_binding			increase			literature	https://doi.org/10.1016/j.virol.2011.10.006 	22056389		Y	
single			HA	204	188	192	T	I		H5N1		Increased pseudovirus binding to α2–6	two_six_receptor_binding			increase			literature	https://doi.org/10.1126/science.1135165 	17690300		Y	
combination	HA:S133A-HA:T188I	HA:S133A-HA:T188I:2	HA	204	188	192	T	I		H5N1		Increased pseudovirus binding to α2–6	two_six_receptor_binding			increase			literature	https://doi.org/10.1126/science.1135165 	17690300		Y	
combination	HA:T185A-HA:G188R	HA:T185A-HA:G188R:2	HA	204	188	192	G	R		H9N2	Human H3N2 backbone	Increased tranmission in ferrets	transmissibility			increase	mammalian	ferret 	literature	https://doi.org/10.1073/pnas.0900877106 	19380727		Y	
single			HA	205	189	193	K	R		H5N1		Increased virus binding to α2–6	two_six_receptor_binding			increase			literature	https://doi.org/10.1128/JVI.00221-10 	20427525		Y	
single			HA	205	189	193	K	T		H5N1		Increased virus binding to α2–6	two_six_receptor_binding			increase			literature	https://doi.org/10.1128/JVI.02016-17 	29491160		Y	
combination	HA:T156A-HA:K189T-HA:N220K-HA:Q222L	HA:T156A-HA:K189T-HA:N220K-HA:Q222L:2	HA	205	189	193	K	T		H5N1		Increased virus binding to α2–6	two_six_receptor_binding			increase			literature	https://doi.org/10.1128/JVI.02016-17 	29491160		Y	
combination	HA:V182K-HA:K189T-HA:G224S	HA:V182K-HA:K189T-HA:G224S:2	HA	205	189	193	K	T		H7N9		Increased virus binding to α2–6	two_six_receptor_binding			increase			literature	https://doi.org/10.1371/journal.ppat.1006390 	28617868		Y	
combination	HA:V182G-HA:K189T-HA:G224S	HA:V182G-HA:K189T-HA:G224S:2	HA	205	189	193	K	T		H7N9		Increased virus binding to α2–6	two_six_receptor_binding			increase			literature	https://doi.org/10.1371/journal.ppat.1006390 	28617868		Y	
combination	HA:E183G-HA:E186D-HA:K189S-HA:Q222L-HA:G224S	HA:E183G-HA:E186D-HA:K189S-HA:Q222L-HA:G224S:3	HA	205	189	193	K	S		H5N1		Increased virus binding to α2–6	two_six_receptor_binding			increase			literature	https://doi.org/10.1016/j.virol.2011.02.015 	21397290		Y	
combination	HA:K189T-HA:G224S	HA:K189T-HA:G224S:1	HA	205	189	193	K	T		H7N9		Dual α2–3 and α2–6 binding	two_three_receptor_binding			maintain			literature	https://doi.org/10.1371/journal.ppat.1006390 	28617868		Y	
combination	HA:K189T-HA:G224S	HA:K189T-HA:G224S:1	HA	205	189	193	K	T		H7N9		Dual α2–3 and α2–6 binding	two_six_receptor_binding			increase			literature	https://doi.org/10.1371/journal.ppat.1006390 	28617868		Y	
combination	HA:K189R-HA:Q222L-HA: G224S	HA:K189R-HA:Q222L-HA: G224S:1	HA	205	189	193	K	R		H5N1		Increased virus binding to α2–6	two_six_receptor_binding			increase			literature	https://doi.org/10.1016/j.jmb.2008.04.016	18672252		Y	
combination	HA:K189R-HA:Q222L-HA: G224S	HA:K189R-HA:Q222L-HA: G224S:1	HA	205	189	193	K	R		H5N1		Increased virus binding to α2–6	two_six_receptor_binding			increase			literature	https://doi.org/10.1016/j.virol.2011.02.015 	21397290		Y	
single			HA	208	192	196	Q	R		H5N1		Increased virus binding to α2–6	two_six_receptor_binding			increase			literature	https://doi.org/10.1016/j.virol.2011.10.006 	22056389		Y	
single			HA	208	192	196	Q	R		H5N1		Increased virus binding to α2–6	two_six_receptor_binding			increase			literature	https://doi.org/10.1038/nature05264 	17108965		Y	
single			HA	208	192	196	Q	R		H5N1		Increased virus binding to α2–6	two_six_receptor_binding			increase			literature	https://doi.org/10.1371/journal.ppat.1002068 	21637809		Y	
single			HA	208	192	196	Q	H		H5N1		Increased virus binding to α2–6	two_six_receptor_binding			increase			literature	https://doi.org/10.1371/journal.ppat.1002068 	21637809		Y	
combination	HA:N182K-HA:Q192R-HA:Q222L-HA:S223N-HA:G224S	HA:N182K-HA:Q192R-HA:Q222L-HA:S223N-HA:G224S:2	HA	208	192	196	Q	R		H5N1		Increased virus binding to α2–6	two_six_receptor_binding			increase			literature	https://doi.org/10.1128/JVI.02737-09 	20392847		Y	
combination	HA:Q192R-HA:Q222L-HA:S223N-HA:G224S	HA:Q192R-HA:Q222L-HA:S223N-HA:G224S:1	HA	208	192	196	Q	R		H5N1		Increased virus binding to α2–6	two_six_receptor_binding			increase			literature	https://doi.org/10.1128/JVI.02737-09 	20392847	Only slight increase in binding?	Y	
combination	HA:Q192R-HA:Q222L-HA:G224S	HA:Q192R-HA:Q222L-HA:G224S:1	HA	208	192	196	Q	R		H5N1		Increased virus binding to α2–6	two_six_receptor_binding			increase			literature	https://doi.org/10.1128/JVI.02737-09 	20392847		Y	
combination	HA:Q192R-HA:Q222L-HA:G224S	HA:Q192R-HA:Q222L-HA:G224S:1	HA	208	192	196	Q	R		H5N1		Increased virus binding to α2–6	two_six_receptor_binding			increase			literature	https://doi.org/10.1016/j.virol.2011.10.006 	22056389		Y	
combination	HA:Q192R-HA:S223N	HA:Q192R-HA:S223N:1	HA	208	192	196	Q	R		H5N1		Increased virus binding to α2–6	two_six_receptor_binding			increase			literature	https://doi.org/10.1128/JVI.02737-09 	20392847		Y	
combination	HA:Q192R-HA:S223N	HA:Q192R-HA:S223N:1	HA	208	192	196	Q	R		H5N1		Increased virus binding to α2–6	two_six_receptor_binding			increase			literature	https://doi.org/10.1016/j.virol.2011.10.006 	22056389		Y	
combination	HA:E75K-HA:N193K	HA:E75K-HA:N193K:1	HA	209	75	83	E	K		H5N1		Increased virus binding to α2–6	two_six_receptor_binding			increase			literature	https://doi.org/10.1038/nature05264 	17108965		Y	
single			HA	209	193	197	N	K		H5N1		Increased virus binding to α2–6	two_six_receptor_binding			increase			literature	https://doi.org/10.1038/nature05264 	17108965		Y	
combination	HA:E75K-HA:S123P-HA:N193K-HA:R497K	HA:E75K-HA:S123P-HA:N193K-HA:R497K:3	HA	209	193	197	N	K		H5N1		Increased virus binding to α2–6	two_six_receptor_binding			increase			literature	https://doi.org/10.1038/nature05264 	17108965		Y	
combination	HA:E75K-HA:N193K	HA:E75K-HA:N193K:2	HA	209	193	197	N	K		H5N1		Increased virus binding to α2–6	two_six_receptor_binding			increase			literature	https://doi.org/10.1038/nature05264 	17108965		Y	
combination	HA:E75K-HA:N193K-HA:R497K	HA:E75K-HA:N193K-HA:R497K:2	HA	209	193	197	N	K		H5N1		Increased virus binding to α2–6	two_six_receptor_binding			increase			literature	https://doi.org/10.1038/nature05264 	17108965		Y	
combination	HA:S123P-HA:N193K	HA:S123P-HA:N193K:2	HA	209	193	197	N	K		H5N1		Increased virus binding to α2–6	two_six_receptor_binding			increase			literature	https://doi.org/10.1038/nature05264 	17108965		Y	
combination	HA:S123P-HA:N193K-HA:R497K	HA:S123P-HA:N193K-HA:R497K:2	HA	209	193	197	N	K		H5N1		Increased virus binding to α2–6	two_six_receptor_binding			increase			literature	https://doi.org/10.1038/nature05264 	17108965		Y	
combination	HA:N193K-HA:R497K	HA:N193K-HA:R497K:1	HA	209	193	197	N	K		H5N1		Increased virus binding to α2–6	two_six_receptor_binding			increase			literature	https://doi.org/10.1038/nature05264	17108965		Y	
single			HA	226	210	214	V	I		H5N1		Increased virus binding to α2–6	two_six_receptor_binding			increase			literature	https://doi.org/10.1371/journal.ppat.1002068 	21637809		Y	
single			HA	234	218	222	K	E		H5N1		Altered tissue tropism in mice	tissue_tropism			lung	mammalian	mouse	literature	https://doi.org/10.1128/JVI.00850-10 	20519408	Emerged in the course of virus replication in a patient (fatal case), mainly confined to lung		Y
single			HA	234	218	222	K	E		H5N1		Altered pathogenicity in mice	pathogencity			decrease	mammalian	mouse	literature	https://doi.org/10.1128/JVI.00850-10 	20519408	Emerged in the course of virus replication in a patient (fatal case)		Y
single			HA	234	218	222	K	E		H5N1		Under positive selection in human cases					mammalian	human	literature	https://doi.org/10.1099/vir.0.2008/002469-0 	18632950	Emerged in the course of virus replication in patients (1 non-fatal, 2 fatal cases)		Y
combination	HA:K218Q-HA:S223R	HA:K218Q-HA:S223R:1	HA	234	218	222	K	Q		H5N1		Increased virus binding to α2–3	two_three_receptor_binding			increase			literature	https://doi.org/10.3201/eid2302.161072 	27869615		Y	
combination	HA:K218Q-HA:S223R	HA:K218Q-HA:S223R:1	HA	234	218	222	K	Q		H5N1		Increased virus binding to α2–6	two_six_receptor_binding			increase			literature	https://doi.org/10.3201/eid2302.161072 	27869615		Y	
combination	HA:N154D-HA:N220K-HA:Q222L-HA:T315I	HA:N154D-HA:N220K-HA:Q222L-HA:T315I:2	HA	236	220	224	N	K		H5N1		Transmissible among ferrets	transmissibility			increase	mammalian	ferret 	literature	https://doi.org/10.1038/nature10831 	22722205		Y	
combination	HA:T156A-HA:K189T-HA:N220K-HA:Q222L	HA:T156A-HA:K189T-HA:N220K-HA:Q222L:3	HA	236	220	224	N	K		H5N1		Increased virus binding to α2–6	two_six_receptor_binding			increase			literature	https://doi.org/10.1128/JVI.02016-17 	29491160		Y	
combination	HA:V182N-HA:N220K-HA:G224S	HA:V182N-HA:N220K-HA:G224S:2	HA	236	220	224	N	K		H7N9		Increased virus binding to α2–6	two_six_receptor_binding			increase			literature	https://doi.org/10.1371/journal.ppat.1006390 	28617868		Y	
combination	HA:N220K-HA:G224S	HA:N220K-HA:G224S:1	HA	236	220	224	N	K		H7N9		Increased virus binding to α2–6	two_six_receptor_binding			increase			literature	https://doi.org/10.1371/journal.ppat.1006390 	28617868		Y	
single			HA	237	221	225	G	D		H6N1		Increased virus binding to α2,6	two_six_receptor_binding			increase			literature	https://doi.org/10.15252/emmm.201707726 	28694323		Y	
single			HA	238	222	226	Q	L		H4N6		Increased virus binding to α2–6	two_six_receptor_binding			increase			literature	https://doi.org/10.1016/j.celrep.2017.07.028 	28768203		Y	
single			HA	238	222	226	Q	L		H6N2		Increased virus binding to α2–6	two_six_receptor_binding			increase			literature	https://doi.org/10.1016/j.micinf.2017.09.008 	28951329		Y	
single			HA	238	222	226	Q	L		H5N1		Increased virus binding to α2–6	two_six_receptor_binding			increase			literature	https://doi.org/10.1128/JVI.02737-09 	20392847		Y	
single			HA	238	222	226	Q	L		H5N1		Decreased binding to α2–3	two_three_receptor_binding			decrease			literature	https://doi.org/10.1128/JVI.02737-09 	20392847		Y	
single			HA	238	222	226	Q	L		H7N9		Increased virus binding to α2–3	two_three_receptor_binding			increase			literature	https://doi.org/10.1126/science.1243761 	24311689		Y	
single			HA	238	222	226	Q	L		H7N9		Decreased binding to α2–6	two_six_receptor_binding			decrease			literature	https://doi.org/10.1126/science.1243761 	24311689	No detectable binding to 2-6 glycans in assays used, only very weak binding to 2-6 receptors	Y	
single			HA	238	222	226	Q	L		H7N9		Increased virus binding to α2–3	two_three_receptor_binding			increase			literature	https://doi.org/10.1099/vir.0.056184-0 	23950563		Y	
single			HA	238	222	226	Q	L		H7N9		Increased virus binding to α2–6	two_six_receptor_binding			increase			literature	https://doi.org/10.1099/vir.0.056184-0 	23950563	Small but significant binding affinity for 2-6 receptors	Y	
single			HA	238	222	226	Q	L		H9N2		Increased virus binding to α2–6	two_six_receptor_binding			increase			literature	https://doi.org/10.1128/JVI.02827-06 	17344280		Y	
single			HA	238	222	226	Q	L		H9N2		Enhanced replication in mammalian cells and ferrets	replication			increase			literature	https://doi.org/10.1128/JVI.02827-06 	17344280		Y	
single			HA	238	222	226	Q	L		H9N2		Increased virus binding to α2–6	two_six_receptor_binding			increase			literature	https://doi.org/10.1128/JVI.02827-06 	17344280		Y	
single			HA	238	222	226	Q	L		H9N2		Enhanced replication in mammalian cells and ferrets	replication			increase			literature	https://doi.org/10.1128/JVI.02827-06 	17344280		Y	
single			HA	238	222	226	Q	L		H9N2		Enhanced contact transmission in ferrets	transmissibility			increase			literature	https://doi.org/10.1128/JVI.02827-06 	17344280		Y	
single			HA	238	222	226	Q	L		H10N8 	Human isolate	Loss of binding to α2–3	two_three_receptor_binding			decrease			literature	https://doi.org/10.1016/j.celrep.2017.03.054 	28402848		Y	
single			HA	238	222	226	Q	L		H10N8 		Decreased binding to α2–3	two_three_receptor_binding			decrease			literature	https://doi.org/10.1016/j.chom.2015.02.006 	25766296		Y	
combination	HA:N154D-HA:N220K-HA:Q222L-HA:T315I	HA:N154D-HA:N220K-HA:Q222L-HA:T315I:3	HA	238	222	226	Q	L		H5N1		Transmissible among ferrets	transmissibility			increase	mammalian	ferret 	literature	https://doi.org/10.1038/nature10831 	22722205		Y	
combination	HA:N154S-HA:Q222L	HA:N154S-HA:Q222L:2	HA	238	222	226	Q	L		H5N1		Increased virus binding to α2–6	two_six_receptor_binding			increase			literature	https://doi.org/10.1371/journal.ppat.1000043 	18404209		Y	
combination	HA:N154S-HA:Q222L-HA:N244D	HA:N154S-HA:Q222L-HA:N244D:2	HA	238	222	226	Q	L		H5N1		Increased virus binding to α2–6	two_six_receptor_binding			increase			literature	https://doi.org/10.1371/journal.ppat.1000043 	18404209		Y	
combination	HA:T156A-HA:K189T-HA:N220K-HA:Q222L	HA:T156A-HA:K189T-HA:N220K-HA:Q222L:4	HA	238	222	226	Q	L		H5N1		Increased virus binding to α2–6	two_six_receptor_binding			increase			literature	https://doi.org/10.1128/JVI.02016-17 	29491160		Y	
combination	HA:T156A-HA:Q222L	HA:T156A-HA:Q222L:2	HA	238	222	226	Q	L		H5N1		Increased virus binding to α2–6	two_six_receptor_binding			increase			literature	https://doi.org/10.1128/JVI.00221-10 	20427525		Y	
combination	HA:T156A-HA:Q222L-HA:G224S	HA:T156A-HA:Q222L-HA:G224S:2	HA	238	222	226	Q	L		H5N1		Increased virus binding to α2–6	two_six_receptor_binding			increase			literature	https://doi.org/10.1128/JVI.00221-10 	20427525		Y	
combination	HA:T156A-HA:Q222L-HA:G224S	HA:T156A-HA:Q222L-HA:G224S:2	HA	238	222	226	Q	L		H5N1		Increased virus binding to α2–6	two_six_receptor_binding			increase			literature	https://doi.org/10.1016/j.jmb.2008.04.016 	18672252		Y	
combination	HA:N182K-HA:Q192R-HA:Q222L-HA:S223N-HA:G224S	HA:N182K-HA:Q192R-HA:Q222L-HA:S223N-HA:G224S:3	HA	238	222	226	Q	L		H5N1		Increased virus binding to α2–6	two_six_receptor_binding			increase			literature	https://doi.org/10.1128/JVI.02737-09 	20392847		Y	
combination	HA:N182K-HA:Q222L-HA:S223N-HA:G224S	HA:N182K-HA:Q222L-HA:S223N-HA:G224S:2	HA	238	222	226	Q	L		H5N1		Increased virus binding to α2–6	two_six_receptor_binding			increase			literature	https://doi.org/10.1128/JVI.02737-09 	20392847		Y	
combination	HA:N182K-HA:Q222L-HA:G224S	HA:N182K-HA:Q222L-HA:G224S:2	HA	238	222	226	Q	L		H5N1		Increased virus binding to α2–6	two_six_receptor_binding			increase			literature	https://doi.org/10.1128/JVI.02737-09 	20392847		Y	
combination	HA:E183G-HA:E186D-HA:K189S-HA:Q222L-HA:G224S	HA:E183G-HA:E186D-HA:K189S-HA:Q222L-HA:G224S:4	HA	238	222	226	Q	L		H5N1		Increased virus binding to α2–6	two_six_receptor_binding			increase			literature	https://doi.org/10.1016/j.virol.2011.02.015 	21397290		Y	
combination	HA:D183G-HA:Q222L-HA:G224S	HA:D183G-HA:Q222L-HA:G224S:2	HA	238	222	226	Q	L		H5N1		Increased virus binding to α2–6	two_six_receptor_binding			increase			literature	https://doi.org/10.1016/j.virol.2011.10.006 	22056389		Y	
combination	HA:E186G-HA:Q222L-HA:G224S	HA:E186G-HA:Q222L-HA:G224S:2	HA	238	222	226	Q	L		H5N1		Increased virus binding to α2–6	two_six_receptor_binding			increase			literature	https://doi.org/10.1016/j.virol.2011.10.006 	22056389		Y	
combination	HA:K189R-HA:Q222L-HA: G224S	HA:K189R-HA:Q222L-HA: G224S:2	HA	238	222	226	Q	L		H5N1		Increased virus binding to α2–6	two_six_receptor_binding			increase			literature	https://doi.org/10.1016/j.jmb.2008.04.016	18672252		Y	
combination	HA:K189R-HA:Q222L-HA: G224S	HA:K189R-HA:Q222L-HA: G224S:2	HA	238	222	226	Q	L		H5N1		Increased virus binding to α2–6	two_six_receptor_binding			increase			literature	https://doi.org/10.1016/j.virol.2011.02.015 	21397290		Y	
combination	HA:Q192R-HA:Q222L-HA:S223N-HA:G224S	HA:Q192R-HA:Q222L-HA:S223N-HA:G224S:2	HA	238	222	226	Q	L		H5N1		Increased virus binding to α2–6	two_six_receptor_binding			increase			literature	https://doi.org/10.1128/JVI.02737-09 	20392847		Y	
combination	HA:Q192R-HA:Q222L-HA:G224S	HA:Q192R-HA:Q222L-HA:G224S:2	HA	238	222	226	Q	L		H5N1		Increased virus binding to α2–6	two_six_receptor_binding			increase			literature	https://doi.org/10.1128/JVI.02737-09 	20392847		Y	
combination	HA:Q192R-HA:Q222L-HA:G224S	HA:Q192R-HA:Q222L-HA:G224S:2	HA	238	222	226	Q	L		H5N1		Increased virus binding to α2–6	two_six_receptor_binding			increase			literature	https://doi.org/10.1016/j.virol.2011.10.006 	22056389		Y	
combination	HA:Q222L-HA:S223N-HA:G224S	HA:Q222L-HA:S223N-HA:G224S:1	HA	238	222	226	Q	L		H5N1		Increased virus binding to α2–6	two_six_receptor_binding			increase			literature	https://doi.org/10.1128/JVI.02737-09 	20392847		Y	
combination	HA:Q222L-HA:G224S	HA:Q222L-HA:G224S:1	HA	238	222	226	Q	L		H4N6		Increased virus binding to α2–6	two_six_receptor_binding			increase			literature	https://doi.org/10.1016/j.celrep.2017.07.028 	28768203		Y	
combination	HA:Q222L-HA:G224S	HA:Q222L-HA:G224S:1	HA	238	222	226	Q	L		H5N1		Increased virus binding to α2–6	two_six_receptor_binding			increase			literature	https://doi.org/10.1126/science.1124513 	16543414		Y	
combination	HA:Q222L-HA:G224S	HA:Q222L-HA:G224S:1	HA	238	222	226	Q	L		H5N1		Increased virus binding to α2–6	two_six_receptor_binding			increase			literature	https://doi.org/10.1128/JVI.02737-09 	20392847		Y	
combination	HA:Q222L-HA:G224S	HA:Q222L-HA:G224S:1	HA	238	222	226	Q	L		H5N1		Increased virus binding to α2–6	two_six_receptor_binding			increase			literature	https://doi.org/10.1016/j.virol.2011.10.006 	22056389		Y	
combination	HA:Q222L-HA:G224S	HA:Q222L-HA:G224S:1	HA	238	222	226	Q	L		H5N1		Increased virus binding to α2–6	two_six_receptor_binding			increase			literature	https://doi.org/10.1128/JVI.00221-10 	20427525		Y	
combination	HA:Q222L-HA:G224S	HA:Q222L-HA:G224S:1	HA	238	222	226	Q	L		H5N1		Increased virus binding to α2–6	two_six_receptor_binding			increase			literature	https://doi.org/10.1371/journal.ppat.1000709 	20041223		Y	
combination	HA:Q222L-HA:G224S	HA:Q222L-HA:G224S:1	HA	238	222	226	Q	L		H5N1		Increased virus binding to α2–6	two_six_receptor_binding			increase			literature	https://doi.org/10.1371/journal.ppat.1000043 	18404209		Y	
combination	HA:Q222L-HA:G224S	HA:Q222L-HA:G224S:1	HA	238	222	226	Q	L		H5N1		Increased virus binding to α2–6	two_six_receptor_binding			increase			literature	https://doi.org/10.1016/j.jmb.2008.04.016 	18672252		Y	
combination	HA:Q222L-HA:G224S	HA:Q222L-HA:G224S:1	HA	238	222	226	Q	L		H5N1		Increased virus binding to α2–6	two_six_receptor_binding			increase			literature	https://doi.org/10.1016/j.virol.2011.02.015 	21397290		Y	
combination	HA:Q222L-HA:G224S	HA:Q222L-HA:G224S:1	HA	238	222	226	Q	L		H5N1		Increased virus binding to α2–6	two_six_receptor_binding			increase			literature	https://doi.org/10.1128/JVI.78.1.502-507.2004 	14671130		Y	
combination	HA:Q222L-HA:G224S	HA:Q222L-HA:G224S:1	HA	238	222	226	Q	L		H5N1		Increased virus binding to α2–6	two_six_receptor_binding			increase			literature	https://doi.org/10.1371/journal.pone.0007836 	19924306		Y	
combination	HA:Q222L-HA:G224S	HA:Q222L-HA:G224S:1	HA	238	222	226	Q	L		H7N7	Human isolate	Increased virus binding to α2–6	two_six_receptor_binding			increase			literature	https://doi.org/10.1371/journal.pone.0049597 	23437033		Y	
combination	HA:Q222L-HA:G224S	HA:Q222L-HA:G224S:1	HA	238	222	226	Q	L		H10N8	Human isolate	Loss of binding to α2–3, no gain of binding to α2–6	two_three_receptor_binding			decrease			literature	https://doi.org/10.1016/j.celrep.2017.03.054 	28402848		Y	
combination	HA:Q222L-HA:G224S	HA:Q222L-HA:G224S:1	HA	238	222	226	Q	L		H10N8	Human isolate	Loss of binding to α2–3, no gain of binding to α2–6	two_three_receptor_binding			decrease			literature	https://doi.org/10.1016/j.chom.2015.02.006 	25766296		Y	
single			HA	238	222	226	L	I		H7N9		Decreased binding to α2–3	two_three_receptor_binding			decrease			literature	https://doi.org/10.1126/science.1243761 	24311689	Changed distribution of glycan receptors that bind, specificity for 2-3 glycans maintained		
multi_segment_combination	HA:H103Y-HA:T156A-HA:Q222L-HA:G224S-PB2:E627K-PB1:H99Y	HA:H103Y-HA:T156A-HA:Q222L-HA:G224S-PB2:E627K-PB1:H99Y:3	HA	238	222	226	Q	L		H5N1		Airborne transmissible in ferrets	transmissibility			increase	mammalian	ferret	literature	https://doi.org/10.1126/science.1213362	22723413	Many combinations tested		
multi_segment_combination	HA:H103Y-HA:T156A-HA:Q222L-HA:G224S-PB2:E627K-PB1:H99Y	HA:H103Y-HA:T156A-HA:Q222L-HA:G224S-PB2:E627K-PB1:H99Y:3	HA	238	222	226	Q	L		H5N1		Airborne transmissible in ferrets	transmissibility			increase	mammalian	ferret	literature	https://doi.org/10.1016/j.cell.2014.02.040 	24725402	Many combinations tested		
multi_segment_combination	NP:R99K-NP:S345N-PB1:H99Y-PB1:I368V-HA:H103Y-HA:T156A-HA:Q222L-HA:G224S-PB2:E627K	NP:R99K-NP:S345N-PB1:H99Y-PB1:I368V-HA:H103Y-HA:T156A-HA:Q222L-HA:G224S-PB2:E627K:7	HA	238	222	226	Q	L	Q222L	H5N1		H5 virus transmissible among ferrets	transmissibility			increase	mammalian	ferret	CDC	https://doi.org/10.1126/science.1213362 	22723413	NP mutations associated but no evidence they contribute to transmissibility		
single			HA	239	223	227	S	N		H5N1		Increased virus binding to α2–6	two_six_receptor_binding			increase			literature	https://doi.org/10.1128/JVI.02737-09 	20392847		Y	
single			HA	239	223	227	S	N		H5N1		Increased virus binding to α2–6	two_six_receptor_binding			increase			literature	https://doi.org/10.1016/j.virol.2011.10.006 	22056389		Y	
single			HA	239	223	227	S	N		H5N1		Increased virus binding to α2–6	two_six_receptor_binding			increase			literature	https://doi.org/10.1099/vir.0.2008/002469-0 	18632950		Y	
single			HA	239	223	227	S	N		H5N1		Increased virus binding to α2–6	two_six_receptor_binding			increase			literature	https://doi.org/10.1016/j.virol.2005.08.035 	16226289		Y	
single			HA	239	223	227	S	N		H5N1		Increased virus binding to α2–6	two_six_receptor_binding			increase			literature	https://doi.org/10.1099/vir.0.018572-0 	20130132		Y	
combination	HA:S155N-HA:T156A-HA:S223N	HA:S155N-HA:T156A-HA:S223N:3	HA	239	223	227	S	N		H5N1		Increased virus binding to α2–6	two_six_receptor_binding			increase			literature	https://doi.org/10.1073/pnas.0811052106 	19116267	S155N and T156A remove the residue-158 glycosylation site (H3 numbering)	Y	
combination	HA:S155N-HA:T156A-HA:S223N	HA:S155N-HA:T156A-HA:S223N:3	HA	239	223	227	S	N		H5N1		Reduced lethality and systemic spread in mice	lethality			decrease	mammalian	mouse	literature	https://doi.org/10.1073/pnas.0811052106 	19116267	S155N and T156A remove the residue-158 glycosylation site (H3 numbering)	Y	
combination	HA:T156A-HA:S223N	HA:T156A-HA:S223N:2	HA	239	223	227	S	N		H5N1		Increased virus binding to α2–6	two_six_receptor_binding			increase			literature	https://doi.org/10.1128/JVI.00221-10 	20427525		Y	
combination	HA:T156A-HA:S223N	HA:T156A-HA:S223N:2	HA	239	223	227	S	N		H5N1		No loss of virus binding to α2–3	two_three_receptor_binding			maintain			literature	https://doi.org/10.1128/JVI.00221-10 	20427525		Y	
combination	HA:N182K-HA:Q192R-HA:Q222L-HA:S223N-HA:G224S	HA:N182K-HA:Q192R-HA:Q222L-HA:S223N-HA:G224S:4	HA	239	223	227	S	N		H5N1		Increased virus binding to α2–6	two_six_receptor_binding			increase			literature	https://doi.org/10.1128/JVI.02737-09 	20392847		Y	
combination	HA:N182K-HA:Q222L-HA:S223N-HA:G224S	HA:N182K-HA:Q222L-HA:S223N-HA:G224S:3	HA	239	223	227	S	N		H5N1		Increased virus binding to α2–6	two_six_receptor_binding			increase			literature	https://doi.org/10.1128/JVI.02737-09 	20392847		Y	
combination	HA:D183G-HA:S223N	HA:D183G-HA:S223N:2	HA	239	223	227	S	N		H5N1		Increased virus binding to α2–6	two_six_receptor_binding			increase			literature	https://doi.org/10.1016/j.virol.2011.10.006 	22056389		Y	
combination	HA:Q192R-HA:Q222L-HA:S223N-HA:G224S	HA:Q192R-HA:Q222L-HA:S223N-HA:G224S:3	HA	239	223	227	S	N		H5N1		Increased virus binding to α2–6	two_six_receptor_binding			increase			literature	https://doi.org/10.1128/JVI.02737-09 	20392847		Y	
combination	HA:Q192R-HA:S223N	HA:Q192R-HA:S223N:2	HA	239	223	227	S	N		H5N1		Increased virus binding to α2–6	two_six_receptor_binding			increase			literature	https://doi.org/10.1128/JVI.02737-09 	20392847		Y	
combination	HA:Q192R-HA:S223N	HA:Q192R-HA:S223N:2	HA	239	223	227	S	N		H5N1		Increased virus binding to α2–6	two_six_receptor_binding			increase			literature	https://doi.org/10.1016/j.virol.2011.10.006 	22056389		Y	
combination	HA:K218Q-HA:S223R	HA:K218Q-HA:S223R:2	HA	239	223	227	S	R		H5N1		Increased virus binding to α2–3	two_three_receptor_binding			increase			literature	https://doi.org/10.3201/eid2302.161072 	27869615		Y	
combination	HA:K218Q-HA:S223R	HA:K218Q-HA:S223R:2	HA	239	223	227	S	R		H5N1		Increased virus binding to α2–6	two_six_receptor_binding			increase			literature	https://doi.org/10.3201/eid2302.161072 	27869615		Y	
combination	HA:Q222L-HA:S223N-HA:G224S	HA:Q222L-HA:S223N-HA:G224S:2	HA	239	223	227	S	N		H5N1		Increased virus binding to α2–6	two_six_receptor_binding			increase			literature	https://doi.org/10.1128/JVI.02737-09 	20392847		Y	
single			HA	240	224	228	G	A		H4N6		Increased virus binding to α2–6	two_six_receptor_binding			increase			literature	https://doi.org/10.1016/j.celrep.2017.07.028 	28768203		Y	
single			HA	240	224	228	G	A		H4N6		Dual receptor specificity	two_three_receptor_binding			maintain			literature	https://doi.org/10.1016/j.celrep.2017.07.028 	28768203		Y	
single			HA	240	224	228	G	S		H4N6		Increased virus binding to α2–6	two_six_receptor_binding			increase			literature	https://doi.org/10.1016/j.celrep.2017.07.028 	28768203		Y	
single			HA	240	224	228	G	S		H4N6		Dual receptor specificity	two_three_receptor_binding			maintain			literature	https://doi.org/10.1016/j.celrep.2017.07.028 	28768203		Y	
single			HA	240	224	228	G	S		H1N2		Increased viral replication in mammalian cells	replication			increase			literature	https://doi.org/10.1007/s00705-019-04283-0 	31111259		Y	
single			HA	240	224	228	G	S		H1N2		Increased virulence in mice	virulence			increase			literature	https://doi.org/10.1007/s00705-019-04283-0 	31111259		Y	
single			HA	240	224	228	G	S		H5N1		Increased virus binding to α2–6	two_six_receptor_binding			increase			literature	https://doi.org/10.1126/science.1124513 	16543414		Y	
single			HA	240	224	228	G	S		H5N1		Increased virus binding to α2–6	two_six_receptor_binding			increase			literature	https://doi.org/10.1128/JVI.02737-09 	20392847		Y	
single			HA	240	224	228	G	S		H5N1		Increased virus binding to α2–6	two_six_receptor_binding			increase			literature	https://doi.org/10.1128/JVI.00221-10 	20427525		Y	
single			HA	240	224	228	G	S		H6N1		Increased virus binding to α2–6	two_six_receptor_binding			increase			literature	https://doi.org/10.15252/embj.201590960 	25940072		Y	
single			HA	240	224	228	G	S		H6N2		Decreased virus binding to α2–3	two_three_receptor_binding			decrease			literature	https://doi.org/10.1016/j.micinf.2017.09.008 	28951329		Y	
single			HA	240	224	228	G	S		H7N9		Decreased binding to α2–3	two_three_receptor_binding			decrease			literature	https://doi.org/10.1371/journal.ppat.1006390 	28617868	Maintained in ELISA, decrease in glycan array which exhibits higher stringency	Y	
single			HA	240	224	228	G	S		H7N9		Decreased binding to α2–6	two_six_receptor_binding			decrease			literature	https://doi.org/10.1371/journal.ppat.1006390 	28617868	Increase binding in ELISA, no binding in glycan array which exhibits higher stringency	Y	
single			HA	240	224	228	G	S		H10N8 	Human isolate	Decreased binding to α2–3	two_three_receptor_binding			decrease			literature	https://doi.org/10.1016/j.chom.2015.02.006 	25766296		Y	
single			HA	240	224	228	G	S		H10N8 	Human isolate	No binding to α2–6	two_six_receptor_binding			decrease			literature	https://doi.org/10.1016/j.chom.2015.02.006 	25766296		Y	
combination	HA:T156A-HA:Q222L-HA:G224S	HA:T156A-HA:Q222L-HA:G224S:3	HA	240	224	228	G	S		H5N1		Increased virus binding to α2–6	two_six_receptor_binding			increase			literature	https://doi.org/10.1128/JVI.00221-10 	20427525		Y	
combination	HA:T156A-HA:Q222L-HA:G224S	HA:T156A-HA:Q222L-HA:G224S:3	HA	240	224	228	G	S		H5N1		Increased virus binding to α2–6	two_six_receptor_binding			increase			literature	https://doi.org/10.1016/j.jmb.2008.04.016 	18672252		Y	
combination	HA:V182K-HA:K189T-HA:G224S	HA:V182K-HA:K189T-HA:G224S:3	HA	240	224	228	G	S		H7N9		Increased virus binding to α2–6	two_six_receptor_binding			increase			literature	https://doi.org/10.1371/journal.ppat.1006390 	28617868		Y	
combination	HA:V182G-HA:K189T-HA:G224S	HA:V182G-HA:K189T-HA:G224S:3	HA	240	224	228	G	S		H7N9		Increased virus binding to α2–6	two_six_receptor_binding			increase			literature	https://doi.org/10.1371/journal.ppat.1006390 	28617868		Y	
combination	HA:V182N-HA:N220K-HA:G224S	HA:V182N-HA:N220K-HA:G224S:3	HA	240	224	228	G	S		H7N9		Increased virus binding to α2–6	two_six_receptor_binding			increase			literature	https://doi.org/10.1371/journal.ppat.1006390 	28617868		Y	
combination	HA:N182K-HA:Q192R-HA:Q222L-HA:S223N-HA:G224S	HA:N182K-HA:Q192R-HA:Q222L-HA:S223N-HA:G224S:5	HA	240	224	228	G	S		H5N1		Increased virus binding to α2–6	two_six_receptor_binding			increase			literature	https://doi.org/10.1128/JVI.02737-09 	20392847		Y	
combination	HA:N182K-HA:Q222L-HA:S223N-HA:G224S	HA:N182K-HA:Q222L-HA:S223N-HA:G224S:4	HA	240	224	228	G	S		H5N1		Increased virus binding to α2–6	two_six_receptor_binding			increase			literature	https://doi.org/10.1128/JVI.02737-09 	20392847		Y	
combination	HA:N182K-HA:Q222L-HA:G224S	HA:N182K-HA:Q222L-HA:G224S:3	HA	240	224	228	G	S		H5N1		Increased virus binding to α2–6	two_six_receptor_binding			increase			literature	https://doi.org/10.1128/JVI.02737-09 	20392847		Y	
combination	HA:E183G-HA:E186D-HA:K189S-HA:Q222L-HA:G224S	HA:E183G-HA:E186D-HA:K189S-HA:Q222L-HA:G224S:5	HA	240	224	228	G	S		H5N1		Increased virus binding to α2–6	two_six_receptor_binding			increase			literature	https://doi.org/10.1016/j.virol.2011.02.015 	21397290		Y	
combination	HA:D183G-HA:Q222L-HA:G224S	HA:D183G-HA:Q222L-HA:G224S:3	HA	240	224	228	G	S		H5N1		Increased virus binding to α2–6	two_six_receptor_binding			increase			literature	https://doi.org/10.1016/j.virol.2011.10.006 	22056389		Y	
combination	HA:E186G-HA:Q222L-HA:G224S	HA:E186G-HA:Q222L-HA:G224S:3	HA	240	224	228	G	S		H5N1		Increased virus binding to α2–6	two_six_receptor_binding			increase			literature	https://doi.org/10.1016/j.virol.2011.10.006 	22056389		Y	
combination	HA:K189T-HA:G224S	HA:K189T-HA:G224S:2	HA	240	224	228	G	S		H7N9		Dual α2–3 and α2–6 binding	two_three_receptor_binding			maintain			literature	https://doi.org/10.1371/journal.ppat.1006390 	28617868		Y	
combination	HA:K189T-HA:G224S	HA:K189T-HA:G224S:2	HA	240	224	228	G	S		H7N9		Dual α2–3 and α2–6 binding	two_six_receptor_binding			increase			literature	https://doi.org/10.1371/journal.ppat.1006390 	28617868		Y	
combination	HA:K189R-HA:Q222L-HA: G224S	HA:K189R-HA:Q222L-HA: G224S:3	HA	240	224	228	G	S		H5N1		Increased virus binding to α2–6	two_six_receptor_binding			increase			literature	https://doi.org/10.1016/j.jmb.2008.04.016	18672252		Y	
combination	HA:K189R-HA:Q222L-HA: G224S	HA:K189R-HA:Q222L-HA: G224S:3	HA	240	224	228	G	S		H5N1		Increased virus binding to α2–6	two_six_receptor_binding			increase			literature	https://doi.org/10.1016/j.virol.2011.02.015 	21397290		Y	
combination	HA:Q192R-HA:Q222L-HA:S223N-HA:G224S	HA:Q192R-HA:Q222L-HA:S223N-HA:G224S:4	HA	240	224	228	G	S		H5N1		Increased virus binding to α2–6	two_six_receptor_binding			increase			literature	https://doi.org/10.1128/JVI.02737-09 	20392847		Y	
combination	HA:Q192R-HA:Q222L-HA:G224S	HA:Q192R-HA:Q222L-HA:G224S:3	HA	240	224	228	G	S		H5N1		Increased virus binding to α2–6	two_six_receptor_binding			increase			literature	https://doi.org/10.1128/JVI.02737-09 	20392847		Y	
combination	HA:Q192R-HA:Q222L-HA:G224S	HA:Q192R-HA:Q222L-HA:G224S:3	HA	240	224	228	G	S		H5N1		Increased virus binding to α2–6	two_six_receptor_binding			increase			literature	https://doi.org/10.1016/j.virol.2011.10.006 	22056389		Y	
combination	HA:N220K-HA:G224S	HA:N220K-HA:G224S:2	HA	240	224	228	G	S		H7N9		Increased virus binding to α2–6	two_six_receptor_binding			increase			literature	https://doi.org/10.1371/journal.ppat.1006390 	28617868		Y	
combination	HA:Q222L-HA:S223N-HA:G224S	HA:Q222L-HA:S223N-HA:G224S:3	HA	240	224	228	G	S		H5N1		Increased virus binding to α2–6	two_six_receptor_binding			increase			literature	https://doi.org/10.1128/JVI.02737-09 	20392847		Y	
combination	HA:Q222L-HA:G224S	HA:Q222L-HA:G224S:2	HA	240	224	228	G	S		H4N6		Increased virus binding to α2–6	two_six_receptor_binding			increase			literature	https://doi.org/10.1016/j.celrep.2017.07.028 	28768203		Y	
combination	HA:Q222L-HA:G224S	HA:Q222L-HA:G224S:2	HA	240	224	228	G	S		H5N1		Increased virus binding to α2–6	two_six_receptor_binding			increase			literature	https://doi.org/10.1126/science.1124513 	16543414		Y	
combination	HA:Q222L-HA:G224S	HA:Q222L-HA:G224S:2	HA	240	224	228	G	S		H5N1		Increased virus binding to α2–6	two_six_receptor_binding			increase			literature	https://doi.org/10.1128/JVI.02737-09 	20392847		Y	
combination	HA:Q222L-HA:G224S	HA:Q222L-HA:G224S:2	HA	240	224	228	G	S		H5N1		Increased virus binding to α2–6	two_six_receptor_binding			increase			literature	https://doi.org/10.1016/j.virol.2011.10.007	22056389		Y	
combination	HA:Q222L-HA:G224S	HA:Q222L-HA:G224S:2	HA	240	224	228	G	S		H5N1		Increased virus binding to α2–6	two_six_receptor_binding			increase			literature	https://doi.org/10.1128/JVI.00221-10 	20427525		Y	
combination	HA:Q222L-HA:G224S	HA:Q222L-HA:G224S:2	HA	240	224	228	G	S		H5N1		Increased virus binding to α2–6	two_six_receptor_binding			increase			literature	https://doi.org/10.1371/journal.ppat.1000709 	20041223		Y	
combination	HA:Q222L-HA:G224S	HA:Q222L-HA:G224S:2	HA	240	224	228	G	S		H5N1		Increased virus binding to α2–6	two_six_receptor_binding			increase			literature	https://doi.org/10.1371/journal.ppat.1000043 	18404209		Y	
combination	HA:Q222L-HA:G224S	HA:Q222L-HA:G224S:2	HA	240	224	228	G	S		H5N1		Increased virus binding to α2–6	two_six_receptor_binding			increase			literature	https://doi.org/10.1016/j.jmb.2008.04.016 	18672252		Y	
combination	HA:Q222L-HA:G224S	HA:Q222L-HA:G224S:2	HA	240	224	228	G	S		H5N1		Increased virus binding to α2–6	two_six_receptor_binding			increase			literature	https://doi.org/10.1016/j.virol.2011.02.015 	21397290		Y	
combination	HA:Q222L-HA:G224S	HA:Q222L-HA:G224S:2	HA	240	224	228	G	S		H5N1		Increased virus binding to α2–6	two_six_receptor_binding			increase			literature	https://doi.org/10.1128/JVI.78.1.502-507.2004 	14671130		Y	
combination	HA:Q222L-HA:G224S	HA:Q222L-HA:G224S:2	HA	240	224	228	G	S		H5N1		Increased virus binding to α2–6	two_six_receptor_binding			increase			literature	https://doi.org/10.1371/journal.pone.0007836 	19924306		Y	
combination	HA:Q222L-HA:G224S	HA:Q222L-HA:G224S:2	HA	240	224	228	G	S		H7N7	Human isolate	Increased virus binding to α2–6	two_six_receptor_binding			increase			literature	https://doi.org/10.1371/journal.pone.0049597 	23437033		Y	
combination	HA:Q222L-HA:G224S	HA:Q222L-HA:G224S:2	HA	240	224	228	G	S		H10N8	Human isolate	Loss of binding to α2–3, no gain of binding to α2–6	two_three_receptor_binding			decrease			literature	https://doi.org/10.1016/j.celrep.2017.03.054 	28402848		Y	
combination	HA:Q222L-HA:G224S	HA:Q222L-HA:G224S:2	HA	240	224	228	G	S		H10N8	Human isolate	Loss of binding to α2–3, no gain of binding to α2–6	two_three_receptor_binding			decrease			literature	https://doi.org/10.1016/j.chom.2015.02.006 	25766296		Y	
multi_segment_combination	HA:H103Y-HA:T156A-HA:Q222L-HA:G224S-PB2:E627K-PB1:H99Y	HA:H103Y-HA:T156A-HA:Q222L-HA:G224S-PB2:E627K-PB1:H99Y:4	HA	240	224	228	G	S		H5N1		Airborne transmissible in ferrets	transmissibility			increase	mammalian	ferret	literature	https://doi.org/10.1126/science.1213362	22723413	Many combinations tested		
multi_segment_combination	HA:H103Y-HA:T156A-HA:Q222L-HA:G224S-PB2:E627K-PB1:H99Y	HA:H103Y-HA:T156A-HA:Q222L-HA:G224S-PB2:E627K-PB1:H99Y:4	HA	240	224	228	G	S		H5N1		Airborne transmissible in ferrets	transmissibility			increase	mammalian	ferret	literature	https://doi.org/10.1016/j.cell.2014.02.040 	24725402	Many combinations tested		
multi_segment_combination	NP:R99K-NP:S345N-PB1:H99Y-PB1:I368V-HA:H103Y-HA:T156A-HA:Q222L-HA:G224S-PB2:E627K	NP:R99K-NP:S345N-PB1:H99Y-PB1:I368V-HA:H103Y-HA:T156A-HA:Q222L-HA:G224S-PB2:E627K:8	HA	240	224	228	G	S	G224S	H5N1		H5 virus transmissible among ferrets	transmissibility			increase	mammalian	ferret	CDC	https://doi.org/10.1126/science.1213362 	22723413	NP mutations associated but no evidence they contribute to transmissibility		
multi_segment_combination	NP:E434K-HA:Q227P-PB2:D195N	NP:E434K-HA:Q227P-PB2:D195N:2	HA	243	227	231	Q	P	Q227P	H9N2		Enhanced contact transmission in guinea pigs	transmissibility			increase	mammalian	guinea_pig	literature	https://doi.org/10.1038/srep15928	26552719			
multi_segment_combination	NP:E434K-HA:Q227P-HA:D375E	NP:E434K-HA:Q227P-HA:D375E:2	HA	243	227	231	Q	P	Q227P	H9N2		Enhanced contact transmission in guinea pigs	transmissibility			increase	mammalian	guinea_pig	literature	https://doi.org/10.1038/srep15928	26552719			
single			HA	251	235	239	S	P		H5N1		Increased virus binding to α2–6	two_six_receptor_binding			increase			literature	https://doi.org/10.1371/journal.ppat.1002068 	21637809	Only slight increase in binding	Y	
combination	HA:N154S-HA:Q222L-HA:N244D	HA:N154S-HA:Q222L-HA:N244D:3	HA	260	244	248	N	D		H5N1		Increased virus binding to α2–6	two_six_receptor_binding			increase			literature	https://doi.org/10.1371/journal.ppat.1000043 	18404209		Y	
single			HA	267	251	255	E	K		H5N1		Increased virus binding to α2–6	two_six_receptor_binding			increase			literature	https://doi.org/10.1016/j.virol.2011.10.006 	22056389		Y	
combination	HA:N154D-HA:N220K-HA:Q222L-HA:T315I	HA:N154D-HA:N220K-HA:Q222L-HA:T315I:4	HA	331	315	318	T	I		H5N1		Transmissible among ferrets	transmissibility			increase	mammalian	ferret 	literature	https://doi.org/10.1038/nature10831 	22722205		Y	
multi_segment_combination	NP:E434K-HA:Q227P-HA:D375E	NP:E434K-HA:Q227P-HA:D375E:3	HA	391	375	375	D	E	D375E	H9N2		Enhanced contact transmission in guinea pigs	transmissibility			increase	mammalian	guinea_pig	literature	https://doi.org/10.1038/srep15928	26552719			
single			HA	404	388	387	K	I		H5N1		Decreased pH of fusion	fusion_ph			decrease			literature	https://doi.org/10.1128/JVI.02238-08 	19193808		Y	
single			HA	404	388	387	K	I		H5N1		Increased HA stability	stability			increase			literature	https://doi.org/10.1128/JVI.02238-08 	19193808		Y	
single			HA	404	388	387	K	I		H5N1		Decreased pH of fusion	fusion_ph			decrease			literature	https://doi.org/10.1371/journal.pone.0018577 	21490925		Y	
single			HA	404	388	387	K	I		H5N1		Increased HA stability	stability			increase			literature	https://doi.org/10.1371/journal.pone.0018577 	21490925		Y	
single			HA	404	388	387	K	I		H5N1		Decreased replication efficiency in mice	replication			decrease			literature	https://doi.org/10.1371/journal.pone.0018577 	21490925		Y	
single			HA	404	388	387	K	I		H5N1		Increased virulence in mice	virulence			increase			literature	https://doi.org/10.1371/journal.pone.0018577 	21490925		Y	
single			HA	410	394	393	K	E		H7N9		Increased pH of fusion	fusion_ph			increase			literature	https://doi.org/10.1016/j.virol.2019.07.012 	31325838		Y	
single			HA	410	394	393	K	E		H7N9		Decreased HA stability	stability			decrease			literature	https://doi.org/10.1016/j.virol.2019.07.012 	31325838		Y	
single			HA	410	394	393	K	E		H7N9		Decreased virulence in mice	virulence			decrease			literature	https://doi.org/10.1016/j.virol.2019.07.012 	31325838		Y	
single			HA	451	435		E	K		H5N1		Decreased pH of fusion	fusion_ph			decrease			literature	https://doi.org/10.1128/JVI.02238-08	19193808			Y
single			HA	460	444		N	K		H5N1		Increased pH of fusion 	fusion_ph			increase			literature	https://doi.org/10.1128/JVI.02238-08	19193808			Y
combination	HA:L129V-HA:A134V	HA:L129V-HA:A134V:1	HA		129	∆c	L	V		H5N1		Increased virus binding to α2–6	two_six_receptor_binding			increase			literature	https://doi.org/10.1128/JVI.00468-07 	17626098		Y	
combination	HA:L129del-HA:I151T	HA:L129del-HA:I151T:1	HA		129	∆	L	del		H5N1		Increased virus binding to α2–6	two_six_receptor_binding			increase			literature	https://doi.org/10.1371/journal.ppat.1002068 	21637809		Y	
single	HA:R467Q		HA		467		R	Q	R467Q	H4N1		improved binding to human alpha 2,6 sialic acid receptors				increase	mammalian	human	literature	https://doi.org/10.1186/s12985-025-02736-4	40251629			
combination	HA:E75K-HA:S123-HA:R497K	HA:E75K-HA:S123-HA:R497K:3	HA		497	496	R	K		H5N1		Increased virus binding to α2–6	two_six_receptor_binding			increase			literature	https://doi.org/10.1038/nature05264 	17108965		Y	
combination	HA:E75K-HA:S123P-HA:N193K-HA:R497K	HA:E75K-HA:S123P-HA:N193K-HA:R497K:4	HA		497	496	R	K		H5N1		Increased virus binding to α2–6	two_six_receptor_binding			increase			literature	https://doi.org/10.1038/nature05264 	17108965		Y	
combination	HA:E75K-HA:N193K-HA:R497K	HA:E75K-HA:N193K-HA:R497K:3	HA		497	496	R	K		H5N1		Increased virus binding to α2–6	two_six_receptor_binding			increase			literature	https://doi.org/10.1038/nature05264 	17108965		Y	
combination	HA:E75K-HA:R497K	HA:E75K-HA:R497K:2	HA		497	496	R	K		H5N1		Increased virus binding to α2–6	two_six_receptor_binding			increase			literature	https://doi.org/10.1038/nature05264 	17108965		Y	
combination	HA:S123P-HA:N193K-HA:R497K	HA:S123P-HA:N193K-HA:R497K:3	HA		497	496	R	K		H5N1		Increased virus binding to α2–6	two_six_receptor_binding			increase			literature	https://doi.org/10.1038/nature05264 	17108965		Y	
combination	HA:S123P-HA:R497K	HA:S123P-HA:R497K:2	HA		497	496	R	K		H5N1		Increased virus binding to α2–6	two_six_receptor_binding			increase			literature	https://doi.org/10.1038/nature05264 	17108965		Y	
combination	HA:N193K-HA:R497K	HA:N193K-HA:R497K:2	HA		497	496	R	K		H5N1		Increased virus binding to α2–6	two_six_receptor_binding			increase			literature	https://doi.org/10.1038/nature05264	17108965		Y	
