feature_type	combination_name	combination_id	segment	position_met1	position_N2	ref_AA	alt_AA	name	subtype_tested	subtype_notes	phenotypic_consequences	phenotypic_category	concern_score	confidence_score	phenotypic_effect	host_type	host_taxon	source	references	PMID	additional_comments	amantadine_resistance	rimantadine_resistance	gpha_background	gpha_known_muts	Notes
single			M1	30		N	D	N30D	H5N1		Increased virulence in mice	virulence			increase	Mouse			https://doi.org/10.1016/j.virol.2008.11.044	19117585		N	N			
single			M1	43		I	M	I43M	H5N1		Increased virulence in mice, chickens and ducks	virulence			increase	Mammals			https://doi.org/10.1371/journal.pone.0137989	26368015		N	N			
single			M1	139		T	A	T139A	H5N8		Increased virulence in mice	virulence			increase	Mouse			https://doi.org/10.3390/pathogens11060666	35745520		N	N			
single			M1	215		T	A	T215A	H5N1		Increased virulence in mice	virulence			increase	Mouse			https://doi.org/10.1016/j.virol.2008.11.044	19117585		N	N			
single			M2	26		L	F	L26F	H1N1		Increased resistance to amantadine and rimantadine	antiviral_susceptibility			decrease	mammalian cells			https://doi.org/10.1128/AAC.49.2.556-559.2005	15673732		Y	Y			
single			M2	27		I	A	I27A	H5N2		Increased resistance to amantadine and rimantadine	antiviral_susceptibility			decrease				https://doi.org/10.1016/j.virol.2005.07.003	16081121		Y	Y			
single			M2	27		I	S	I27S	H5N2		Increased resistance to amantadine and rimantadine	antiviral_susceptibility			decrease				https://doi.org/10.1093/infdis/159.6.1050	2723453		Y	Y			
single			M2	27		I	T	I27T	H5N2		Increased resistance to amantadine and rimantadine	antiviral_susceptibility			decrease				https://doi.org/10.1093/infdis/159.6.1050	2723453		Y	Y			
single			M2	27		V	A	V27A	H5N1		Increased resistance to amantadine and rimantadine	antiviral_susceptibility			decrease				https://doi.org/10.1016/j.virol.2005.07.003	16081121		Y	Y			
single			M2	27		V	S	V27S	H5N2		Increased resistance to amantadine and rimantadine	antiviral_susceptibility			decrease				https://doi.org/10.1016/j.virol.2005.07.003	16081121		Y	Y			
single			M2	27		V	T	V27T	H5N2		Increased resistance to amantadine and rimantadine	antiviral_susceptibility			decrease				https://doi.org/10.1016/j.virol.2005.07.003	16081121		Y	Y			
single			M2	30		A	S	A30S	H5N1		Increased resistance to amantadine and rimantadine	antiviral_susceptibility			decrease				https://doi.org/10.1016/j.virol.2005.07.003	16081121		Y	Y			
single			M2	30		A	T	A30T	H7N2		Increased resistance to amantadine and rimantadine	antiviral_susceptibility			decrease				https://doi.org/10.1093/infdis/159.6.1050	2723453		Y	Y			
single			M2	31		S	G	S31G	H9N2		Increased resistance to amantadine and rimantadine	antiviral_susceptibility			decrease				https://doi.org/10.1093/infdis/159.6.1050	2723453		Y	Y			
single			M2	31		S	N	S31N	H5N1		Increased resistance to amantadine and rimantadine	antiviral_susceptibility			decrease				https://doi.org/10.1016/j.virol.2005.07.003	16081121		Y	Y			
single			M2	34		G	E	G34E	H1N1		Increased resistance to amantadine and rimantadine	antiviral_susceptibility			decrease				https://doi.org/10.1128/AAC.49.2.556-559.2005	15673732		Y	Y			
