feature_type	combination_name	combination_id	segment	position_gsgd	ref_AA	alt_AA	name	subtype_tested	subtype_notes	phenotypic_consequences	phenotypic_category	concern_score	confidence_score	phenotypic_effect	host_type	host_taxon	source	references	PMID	additional_comments	gpha_background	gpha_known_muts
combination	NS1:P3S-NS1:R41K-NS1:D74N	1	NS1	3	P	S	NS1:P3S	H7N1	H7N1 backbone with H5N1 NS	Increased replication in mammalian cells	replication_efficacy			increase	mammalian	mammalian cells	literature	https://doi.org/10.1099/jgv.0.000542	27405649			
combination	NS1:P3S-NS1:R41K-NS1:D74N	1	NS1	3	P	S	NS1:P3S	H7N1	H7N1 backbone with H5N1 NS	Increased pathogenicity in mice	pathogenicity			increase	mammalian	mouse	literature	https://doi.org/10.1099/jgv.0.000542	27405649			
combination	NS1:R38A-NS1:K41A	1	NS1	38	R	A	NS1:R38A	H7N1		Decreased replication in mammalian cell lines	replication_efficacy			decrease	mammalian	mammalian cell lines	literature	https://doi.org/10.1186/s12985-018-0960-4	29587792			
combination	NS1:P3S-NS1:R41K-NS1:D74N	2	NS1	41	R	K	NS1:R41K	H7N1	H7N1 backbone with H5N1 NS	Increased replication in mammalian cells	replication_efficacy			increase	mammalian	mammalian cells	literature	https://doi.org/10.1099/jgv.0.000542	27405649			
combination	NS1:P3S-NS1:R41K-NS1:D74N	2	NS1	41	R	K	NS1:R41K	H7N1	H7N1 backbone with H5N1 NS	Increased pathogenicity in mice	pathogenicity			increase	mammalian	mouse	literature	https://doi.org/10.1099/jgv.0.000542	27405649			
combination	NS1:R38A-NS1:K41A	2	NS1	41	K	A	NS1:K41A	H7N1		Decreased replication in mammalian cell lines	replication_efficacy			decrease	mammalian	mammalian cell lines	literature	https://doi.org/10.1186/s12985-018-0960-4	29587792			
single			NS1	42	P	S	NS1:P42S	H5N1		Increased virulence in mice	virulence			increase	mammalian	mouse	literature	https://doi.org/10.1128/JVI.01698-07	18032512			
single			NS1	42	P	S	NS1:P42S	H5N1		Decreased antiviral response in mice	antiviral_response			decrease	mammalian	mouse	literature	https://doi.org/10.1128/JVI.01698-07	18032512			
combination	NS1:K55E-NS1:K66E-NS1:C138F	1	NS1	55	K	E	NS1:K55E	H5N1		Increased replication in mammalian cells	replication_efficacy			increase	mammalian	mammalian cells	literature	https://doi.org/10.1016/j.virol.2018.04.004	29677653			
combination	NS1:K55E-NS1:K66E-NS1:C138F	1	NS1	55	K	E	NS1:K55E	H5N1		Decreased interferon response	antiviral_response			decrease			literature	https://doi.org/10.1016/j.virol.2018.04.004	29677653			
combination	NS1:K55E-NS1:K66E-NS1:C138F	2	NS1	66	K	E	NS1:K66E	H5N1		Increased replication in mammalian cells	replication_efficacy			increase	mammalian	mammalian cells	literature	https://doi.org/10.1016/j.virol.2018.04.004	29677653			
combination	NS1:K55E-NS1:K66E-NS1:C138F	2	NS1	66	K	E	NS1:K66E	H5N1		Decreased interferon response	antiviral_response			decrease			literature	https://doi.org/10.1016/j.virol.2018.04.004	29677653			
single			NS1	74	D	N	NS1:D74N	H7N1	H7N1 backbone with H5N1 NS	Enhanced replication in mammalian cells	replication_efficacy			increase	mammalian	mammalian cells	literature	https://doi.org/10.1099/jgv.0.000542	27405649			
combination	NS1:P3S-NS1:R41K-NS1:D74N	3	NS1	74	D	N	NS1:D74N	H7N1	H7N1 backbone with H5N1 NS	Increased replication in mammalian cells	replication_efficacy			increase	mammalian	mammalian cells	literature	https://doi.org/10.1099/jgv.0.000542	27405649			
combination	NS1:P3S-NS1:R41K-NS1:D74N	3	NS1	74	D	N	NS1:D74N	H7N1	H7N1 backbone with H5N1 NS	Increased pathogenicity in mice	pathogenicity			increase	mammalian	mouse	literature	https://doi.org/10.1099/jgv.0.000542	27405649			
deletion	NS1:80-84del	1	NS1	80		del	NS1:80del	H1N1	H1N1 (avian)	Increased virulence in chickens	virulence			increase	avian	chicken	literature	https://doi.org/10.1099/vir.0.063776-0	24694396			
deletion	NS1:80-84del	1	NS1	80		del	NS1:80del	H1N1	H1N1 backbone with H5N1 HA, NA and NS	Increased virulence in chickens	virulence			increase	avian	chicken	literature	https://doi.org/10.1007/s11262-007-0187-8	18317917			
deletion	NS1:80-84del	1	NS1	80		del	NS1:80del	H1N1	H1N1 backbone with H5N1 NS	Increased virulence in swine	virulence			increase	mammalian	pig	literature	https://doi.org/10.1038/nm757	12195436			
deletion	NS1:80-84del	2	NS1	81		del	NS1:81del	H1N1	H1N1 (avian)	Increased virulence in chickens	virulence			increase	avian	chicken	literature	https://doi.org/10.1099/vir.0.063776-0	24694396			
deletion	NS1:80-84del	2	NS1	81		del	NS1:81del	H1N1	H1N1 backbone with H5N1 HA, NA and NS	Increased virulence in chickens	virulence			increase	avian	chicken	literature	https://doi.org/10.1007/s11262-007-0187-8	18317917			
deletion	NS1:80-84del	2	NS1	81		del	NS1:81del	H1N1	H1N1 backbone with H5N1 NS	Increased virulence in swine	virulence			increase	mammalian	pig	literature	https://doi.org/10.1038/nm757	12195436			
deletion	NS1:80-84del	3	NS1	82		del	NS1:82del	H1N1	H1N1 (avian)	Increased virulence in chickens	virulence			increase	avian	chicken	literature	https://doi.org/10.1099/vir.0.063776-0	24694396			
deletion	NS1:80-84del	3	NS1	82		del	NS1:82del	H1N1	H1N1 backbone with H5N1 HA, NA and NS	Increased virulence in chickens	virulence			increase	avian	chicken	literature	https://doi.org/10.1007/s11262-007-0187-8	18317917			
deletion	NS1:80-84del	3	NS1	82		del	NS1:82del	H1N1	H1N1 backbone with H5N1 NS	Increased virulence in swine	virulence			increase	mammalian	pig	literature	https://doi.org/10.1038/nm757	12195436			
deletion	NS1:80-84del	4	NS1	83		del	NS1:83del	H1N1	H1N1 (avian)	Increased virulence in chickens	virulence			increase	avian	chicken	literature	https://doi.org/10.1099/vir.0.063776-0	24694396			
deletion	NS1:80-84del	4	NS1	83		del	NS1:83del	H1N1	H1N1 backbone with H5N1 HA, NA and NS	Increased virulence in chickens	virulence			increase	avian	chicken	literature	https://doi.org/10.1007/s11262-007-0187-8	18317917			
deletion	NS1:80-84del	4	NS1	83		del	NS1:83del	H1N1	H1N1 backbone with H5N1 NS	Increased virulence in swine	virulence			increase	mammalian	pig	literature	https://doi.org/10.1038/nm757	12195436			
deletion	NS1:80-84del	5	NS1	84		del	NS1:84del	H1N1	H1N1 (avian)	Increased virulence in chickens	virulence			increase	avian	chicken	literature	https://doi.org/10.1099/vir.0.063776-0	24694396			
deletion	NS1:80-84del	5	NS1	84		del	NS1:84del	H1N1	H1N1 backbone with H5N1 HA, NA and NS	Increased virulence in chickens	virulence			increase	avian	chicken	literature	https://doi.org/10.1007/s11262-007-0187-8	18317917			
deletion	NS1:80-84del	5	NS1	84		del	NS1:84del	H1N1	H1N1 backbone with H5N1 NS	Increased virulence in swine	virulence			increase	mammalian	pig	literature	https://doi.org/10.1038/nm757	12195436			
single			NS1	84	Y	F	NS1:Y84F	H1N1	H1N1 with H5N1 NS	Decreases replication in mammalian cells	replication_efficacy			decrease	mammalian	mammalian cells	literature	https://doi.org/10.3390/v9050107	28498306			
single			NS1	84	Y	F	NS1:Y84F	H1N1	H1N1 with H5N1 NS	Increased interferon response in mammalian cells	antiviral			increase	mammalian	mammalian cells	literature	https://doi.org/10.3390/v9050107	28498306			
single			NS1	92	D	E	NS1:D92E	H1N1	H1N1 backbone with H5N1 NS	Increased virulence in swine	virulence			increase	mammalian	pig	literature	https://doi.org/10.1038/nm757	12195436			
single			NS1	92	D	E	NS1:D92E	H1N1	H1N1 backbone with H5N1 NS	Increased virulence in swine	virulence			increase	mammalian	pig	literature	https://doi.org/10.1099/vir.0.80663-0	15784906			
single			NS1	92	D	E	NS1:D92E	H1N1	H1N1 backbone with H5N1 HA, NA and NS	Increased virulence in chickens	virulence			increase	avian	chicken	literature	https://doi.org/10.1007/s11262-007-0187-8	18317917			
combination	NS1:L193F-NS1:I106M	1	NS1	103	L	F	NS1:L103F	H5N1		Increased virulence in mice	virulence			increase	mammalian	mouse	literature	https://doi.org/10.1128/JVI.01491-08	19052083			
combination	NS1:L193F-NS1:I106M	1	NS1	103	L	F	NS1:L103F	H5N1		Increased virulence in mice	virulence			increase	mammalian	mouse	literature	https://doi.org/10.1128/JVI.00417-11	21593152			
single			NS1	106	I	M	NS1:I106M	H1N1	H1N1 with all internal genes from H7N9	Increased viral replication in mammalian cells	replication_efficacy			increase	mammalian	mammalian cells	literature	https://doi.org/10.1128/JVI.01567-14	25078692			
combination	NS1:L193F-NS1:I106M	2	NS1	106	I	M	NS1:I106M	H5N1		Increased virulence in mice	virulence			increase	mammalian	mouse	literature	https://doi.org/10.1128/JVI.01491-08	19052083			
combination	NS1:L193F-NS1:I106M	2	NS1	106	I	M	NS1:I106M	H5N1		Increased virulence in mice	virulence			increase	mammalian	mouse	literature	https://doi.org/10.1128/JVI.00417-11	21593152			
single			NS1	138	C	F	NS1:C138F	H5N1		Increased replication in mammalian cells	replication_efficacy			increase	mammalian	mammalian cells	literature	https://doi.org/10.1016/j.virol.2018.04.004	29677653			
single			NS1	138	C	F	NS1:C138F	H5N1		Decreased interferon response in mammalian cells	antiviral_response			decrease	mammalian	mammalian cells	literature	https://doi.org/10.1016/j.virol.2018.04.004	29677653			
combination	NS1:K55E-NS1:K66E-NS1:C138F	3	NS1	138	C	F	NS1:C138F	H5N1		Increased replication in mammalian cells	replication_efficacy			increase	mammalian	mammalian cells	literature	https://doi.org/10.1016/j.virol.2018.04.004	29677653			
combination	NS1:K55E-NS1:K66E-NS1:C138F	3	NS1	138	C	F	NS1:C138F	H5N1		Decreased interferon response	antiviral_response			decrease			literature	https://doi.org/10.1016/j.virol.2018.04.004	29677653			
single			NS1	149	V	A	NS1:V149A	H5N1		Increased virulence in chickens	virulence			increase	avian	chicken	literature	https://doi.org/10.1128/JVI.00993-06	16971424			
single			NS1	149	V	A	NS1:V149A	H5N1		Decreased interferon response in chickens	antiviral_response			decrease	avian	chicken	literature	https://doi.org/10.1128/JVI.00993-06	16971424			
multi_segment_combination	NS1:N205S-NS2:T47A	1	NS1	205	N	S	NS1:N205S	H5N1		Decreased antiviral response in ferrets	antiviral_response			decrease	mammalian	ferret	literature	https://doi.org/10.1371/journal.ppat.1001106	20862325			
multi_segment_combination	NS1:G210R-NS2:M51I	1	NS1	210	G	R	NS1:G210R	H5N1		Decreased antiviral response in ferrets	antiviral_response			decrease	mammalian	ferret	literature	https://doi.org/10.1371/journal.ppat.1001106	20862325			
deletion	NS1:222-230del	1	NS1	222		del	NS1:222del	H5N1		Increased replication in mammalian cell lines	replication_efficacy			increase	mammalian	mammalian cell lines	literature	https://doi.org/10.1128/JVI.00610-10	20686040			
deletion	NS1:222-230del	2	NS1	223		del	NS1:223del	H5N1		Increased replication in mammalian cell lines	replication_efficacy			increase	mammalian	mammalian cell lines	literature	https://doi.org/10.1128/JVI.00610-10	20686040			
deletion	NS1:222-230del	3	NS1	224		del	NS1:224del	H5N1		Increased replication in mammalian cell lines	replication_efficacy			increase	mammalian	mammalian cell lines	literature	https://doi.org/10.1128/JVI.00610-10	20686040			
deletion	NS1:222-230del	4	NS1	225		del	NS1:225del	H5N1		Increased replication in mammalian cell lines	replication_efficacy			increase	mammalian	mammalian cell lines	literature	https://doi.org/10.1128/JVI.00610-10	20686040			
deletion	NS1:225-230del	1	NS1	225		del	NS1:225del	H7N1		Increased viral replication in avian cell lines	replication_efficacy			increase	avian	avian cell lines	literature	https://doi.org/10.1080/21505594.2016.1159367	26981790			
deletion	NS1:225-230del	1	NS1	225		del	NS1:225del	H7N1		Increased viral replication in avian cell lines	replication_efficacy			increase	avian	avian cell lines	literature	https://doi.org/10.1128/JVI.01011-10	20844052			
deletion	NS1:225-230del	1	NS1	225		del	NS1:225del	H7N1		No impact on viral replication in avian cell lines	replication_efficacy			no_change	avian	avian cell lines	literature	https://doi.org/10.1099/vir.0.045153-0	23052391			
deletion	NS1:222-230del	5	NS1	226		del	NS1:226del	H5N1		Increased replication in mammalian cell lines	replication_efficacy			increase	mammalian	mammalian cell lines	literature	https://doi.org/10.1128/JVI.00610-10	20686040			
deletion	NS1:225-230del	2	NS1	226		del	NS1:226del	H7N1		Increased viral replication in avian cell lines	replication_efficacy			increase	avian	avian cell lines	literature	https://doi.org/10.1080/21505594.2016.1159367	26981790			
deletion	NS1:225-230del	2	NS1	226		del	NS1:226del	H7N1		Increased viral replication in avian cell lines	replication_efficacy			increase	avian	avian cell lines	literature	https://doi.org/10.1128/JVI.01011-10	20844052			
deletion	NS1:225-230del	2	NS1	226		del	NS1:226del	H7N1		No impact on viral replication in avian cell lines	replication_efficacy			no_change	avian	avian cell lines	literature	https://doi.org/10.1099/vir.0.045153-0	23052391			
deletion	NS1:222-230del	6	NS1	227		del	NS1:227del	H5N1		Increased replication in mammalian cell lines	replication_efficacy			increase	mammalian	mammalian cell lines	literature	https://doi.org/10.1128/JVI.00610-10	20686040			
deletion	NS1:225-230del	3	NS1	227		del	NS1:227del	H7N1		Increased viral replication in avian cell lines	replication_efficacy			increase	avian	avian cell lines	literature	https://doi.org/10.1080/21505594.2016.1159367	26981790			
deletion	NS1:225-230del	3	NS1	227		del	NS1:227del	H7N1		Increased viral replication in avian cell lines	replication_efficacy			increase	avian	avian cell lines	literature	https://doi.org/10.1128/JVI.01011-10	20844052			
deletion	NS1:225-230del	3	NS1	227		del	NS1:227del	H7N1		No impact on viral replication in avian cell lines	replication_efficacy			no_change	avian	avian cell lines	literature	https://doi.org/10.1099/vir.0.045153-0	23052391			
combination	NS1:227E-NS1:228S-NS1:229E-NS1:230V	1	NS1	227		E	NS1:227E	H1N1	H1N1 pdm09 virus with 'avian' PDZ motif	Increased virulence in mice	virulence			increase	mammalian	mouse	literature	https://doi.org/10.1073/pnas.0800482105	18334632			
combination	NS1:227E-NS1:228S-NS1:229E-NS1:230V	1	NS1	227		E	NS1:227E	H5N1		Decreased viral replication in mammalian cell lines	replication_efficacy			decrease	mammalian	mammalian cell lines	literature	https://doi.org/10.1128/JVI.00610-10	20686040			
combination	NS1:227E-NS1:228S-NS1:229E-NS1:230V	1	NS1	227		E	NS1:227E	H7N1		Increased viral replication and virulence in mice	replication_efficacy			increase	mammalian	mouse	literature	https://doi.org/10.1128/JVI.02427-09	20410267			
combination	NS1:227E-NS1:228S-NS1:229E-NS1:230V	1	NS1	227		E	NS1:227E	H7N1		Decreased viral replication in human cell lines	replication_efficacy			decrease	human	human cell lines	literature	https://doi.org/10.1128/JVI.02427-09	20410267			
combination	NS1:227R-NS1:228S-NS1:229K-NS1:230V	1	NS1	227		R	NS1:227R	H7N1		Increased viral replication in human cell lines	replication_efficacy			increase	human	human cell lines	literature	https://doi.org/10.1128/JVI.02427-09	20410267			
combination	NS1:227R-NS1:228S-NS1:229K-NS1:230V	1	NS1	227		R	NS1:227R	H7N1		Increased viral replication in duck cell lines	replication_efficacy			no_change	avian	duck cell lines	literature	https://doi.org/10.1128/JVI.02427-09	20410267			
deletion	NS1:222-230del	7	NS1	228		del	NS1:228del	H5N1		Increased replication in mammalian cell lines	replication_efficacy			increase	mammalian	mammalian cell lines	literature	https://doi.org/10.1128/JVI.00610-10	20686040			
deletion	NS1:225-230del	4	NS1	228		del	NS1:228del	H7N1		Increased viral replication in avian cell lines	replication_efficacy			increase	avian	avian cell lines	literature	https://doi.org/10.1080/21505594.2016.1159367	26981790			
deletion	NS1:225-230del	4	NS1	228		del	NS1:228del	H7N1		Increased viral replication in avian cell lines	replication_efficacy			increase	avian	avian cell lines	literature	https://doi.org/10.1128/JVI.01011-10	20844052			
deletion	NS1:225-230del	4	NS1	228		del	NS1:228del	H7N1		No impact on viral replication in avian cell lines	replication_efficacy			no_change	avian	avian cell lines	literature	https://doi.org/10.1099/vir.0.045153-0	23052391			
combination	NS1:227E-NS1:228S-NS1:229E-NS1:230V	2	NS1	228		S	NS1:228S	H1N1	H1N1 pdm09 virus with 'avian' PDZ motif	Increased virulence in mice	virulence			increase	mammalian	mouse	literature	https://doi.org/10.1073/pnas.0800482105	18334632			
combination	NS1:227E-NS1:228S-NS1:229E-NS1:230V	2	NS1	228		S	NS1:228S	H5N1		Decreased viral replication in mammalian cell lines	replication_efficacy			decrease	mammalian	mammalian cell lines	literature	https://doi.org/10.1128/JVI.00610-10	20686040			
combination	NS1:227E-NS1:228S-NS1:229E-NS1:230V	2	NS1	228		S	NS1:228S	H7N1		Increased viral replication and virulence in mice	replication_efficacy			increase	mammalian	mouse	literature	https://doi.org/10.1128/JVI.02427-09	20410267			
combination	NS1:227E-NS1:228S-NS1:229E-NS1:230V	2	NS1	228		S	NS1:228S	H7N1		Decreased viral replication in human cell lines	replication_efficacy			decrease	human	human cell lines	literature	https://doi.org/10.1128/JVI.02427-09	20410267			
combination	NS1:227R-NS1:228S-NS1:229K-NS1:230V	2	NS1	228		S	NS1:228S	H7N1		Increased viral replication in human cell lines	replication_efficacy			increase	human	human cell lines	literature	https://doi.org/10.1128/JVI.02427-09	20410267			
combination	NS1:227R-NS1:228S-NS1:229K-NS1:230V	2	NS1	228		S	NS1:228S	H7N1		Increased viral replication in duck cell lines	replication_efficacy			no_change	avian	duck cell lines	literature	https://doi.org/10.1128/JVI.02427-09	20410267			
deletion	NS1:222-230del	8	NS1	229		del	NS1:229del	H5N1		Increased replication in mammalian cell lines	replication_efficacy			increase	mammalian	mammalian cell lines	literature	https://doi.org/10.1128/JVI.00610-10	20686040			
deletion	NS1:225-230del	5	NS1	229		del	NS1:229del	H7N1		Increased viral replication in avian cell lines	replication_efficacy			increase	avian	avian cell lines	literature	https://doi.org/10.1080/21505594.2016.1159367	26981790			
deletion	NS1:225-230del	5	NS1	229		del	NS1:229del	H7N1		Increased viral replication in avian cell lines	replication_efficacy			increase	avian	avian cell lines	literature	https://doi.org/10.1128/JVI.01011-10	20844052			
deletion	NS1:225-230del	5	NS1	229		del	NS1:229del	H7N1		No impact on viral replication in avian cell lines	replication_efficacy			no_change	avian	avian cell lines	literature	https://doi.org/10.1099/vir.0.045153-0	23052391			
combination	NS1:227E-NS1:228S-NS1:229E-NS1:230V	3	NS1	229		E	NS1:229E	H1N1	H1N1 pdm09 virus with 'avian' PDZ motif	Increased virulence in mice	virulence			increase	mammalian	mouse	literature	https://doi.org/10.1073/pnas.0800482105	18334632			
combination	NS1:227E-NS1:228S-NS1:229E-NS1:230V	3	NS1	229		E	NS1:229E	H5N1		Decreased viral replication in mammalian cell lines	replication_efficacy			decrease	mammalian	mammalian cell lines	literature	https://doi.org/10.1128/JVI.00610-10	20686040			
combination	NS1:227E-NS1:228S-NS1:229E-NS1:230V	3	NS1	229		E	NS1:229E	H7N1		Increased viral replication and virulence in mice	replication_efficacy			increase	mammalian	mouse	literature	https://doi.org/10.1128/JVI.02427-09	20410267			
combination	NS1:227E-NS1:228S-NS1:229E-NS1:230V	3	NS1	229		E	NS1:229E	H7N1		Decreased viral replication in human cell lines	replication_efficacy			decrease	human	human cell lines	literature	https://doi.org/10.1128/JVI.02427-09	20410267			
combination	NS1:227R-NS1:228S-NS1:229K-NS1:230V	3	NS1	229		K	NS1:229K	H7N1		Increased viral replication in human cell lines	replication_efficacy			increase	human	human cell lines	literature	https://doi.org/10.1128/JVI.02427-09	20410267			
combination	NS1:227R-NS1:228S-NS1:229K-NS1:230V	3	NS1	229		K	NS1:229K	H7N1		Increased viral replication in duck cell lines	replication_efficacy			no_change	avian	duck cell lines	literature	https://doi.org/10.1128/JVI.02427-09	20410267			
deletion	NS1:222-230del	9	NS1	230		del	NS1:230del	H5N1		Increased replication in mammalian cell lines	replication_efficacy			increase	mammalian	mammalian cell lines	literature	https://doi.org/10.1128/JVI.00610-10	20686040			
deletion	NS1:225-230del	6	NS1	230		del	NS1:230del	H7N1		Increased viral replication in avian cell lines	replication_efficacy			increase	avian	avian cell lines	literature	https://doi.org/10.1080/21505594.2016.1159367	26981790			
deletion	NS1:225-230del	6	NS1	230		del	NS1:230del	H7N1		Increased viral replication in avian cell lines	replication_efficacy			increase	avian	avian cell lines	literature	https://doi.org/10.1128/JVI.01011-10	20844052			
deletion	NS1:225-230del	6	NS1	230		del	NS1:230del	H7N1		No impact on viral replication in avian cell lines	replication_efficacy			no_change	avian	avian cell lines	literature	https://doi.org/10.1099/vir.0.045153-0	23052391			
combination	NS1:227E-NS1:228S-NS1:229E-NS1:230V	4	NS1	230		V	NS1:230V	H1N1	H1N1 pdm09 virus with 'avian' PDZ motif	Increased virulence in mice	virulence			increase	mammalian	mouse	literature	https://doi.org/10.1073/pnas.0800482105	18334632			
combination	NS1:227E-NS1:228S-NS1:229E-NS1:230V	4	NS1	230		V	NS1:230V	H5N1		Decreased viral replication in mammalian cell lines	replication_efficacy			decrease	mammalian	mammalian cell lines	literature	https://doi.org/10.1128/JVI.00610-10	20686040			
combination	NS1:227E-NS1:228S-NS1:229E-NS1:230V	4	NS1	230		V	NS1:230V	H7N1		Increased viral replication and virulence in mice	replication_efficacy			increase	mammalian	mouse	literature	https://doi.org/10.1128/JVI.02427-09	20410267			
combination	NS1:227E-NS1:228S-NS1:229E-NS1:230V	4	NS1	230		V	NS1:230V	H7N1		Decreased viral replication in human cell lines	replication_efficacy			decrease	human	human cell lines	literature	https://doi.org/10.1128/JVI.02427-09	20410267			
combination	NS1:227R-NS1:228S-NS1:229K-NS1:230V	4	NS1	230		V	NS1:230V	H7N1		Increased viral replication in human cell lines	replication_efficacy			increase	human	human cell lines	literature	https://doi.org/10.1128/JVI.02427-09	20410267			
combination	NS1:227R-NS1:228S-NS1:229K-NS1:230V	4	NS1	230		V	NS1:230V	H7N1		Increased viral replication in duck cell lines	replication_efficacy			no_change	avian	duck cell lines	literature	https://doi.org/10.1128/JVI.02427-09	20410267			
single			NS2	16	M	I	NS2:M16I	H5N1		Increased polymerase activity in mammalian cell lines	polymerase_activity			increase	mammalian	mammalian cell lines	literature	https://doi.org/10.1128/JVI.01495-13	24155389			
combination	NS2:M16I-NS2:Y41C-NS2:E75G	1	NS2	16	M	I	NS2:M16I	H5N1		Increased polymerase activity in mammalian cell lines	polymerase_activity			increase	mammalian	mammalian cell lines	literature	https://doi.org/10.1128/JVI.01495-13	24155389			
combination	NS2:M16I-NS2:Y41C-NS2:E75G	2	NS2	41	Y	C	NS2:Y41C	H5N1		Increased polymerase activity in mammalian cell lines	polymerase_activity			increase	mammalian	mammalian cell lines	literature	https://doi.org/10.1128/JVI.01495-13	24155389			
multi_segment_combination	NS1:N205S-NS2:T47A	2	NS2	47	T	A	NS2:T47A	H5N1		Decreased antiviral response in ferrets	antiviral_response			decrease	mammalian	ferret	literature	https://doi.org/10.1371/journal.ppat.1001106	20862325			
multi_segment_combination	NS2:T47A-NS1:N205S	1	NS2	47	T	A	NS2:T47A	H5N1		Decreased antiviral response in ferrets	antiviral_response			decrease	mammalian	ferret	literature	https://doi.org/10.1371/journal.ppat.1001106	20862325			
multi_segment_combination	NS1:G210R-NS2:M51I	2	NS2	51	M	I	NS2:M51I	H5N1		Decreased antiviral response in ferrets	antiviral_response			decrease	mammalian	ferret	literature	https://doi.org/10.1371/journal.ppat.1001106	20862325			
multi_segment_combination	NS2:M51I-NS1:G210R	1	NS2	51	M	I	NS2:M51I	H5N1		Decreased antiviral response in ferrets	antiviral_response			decrease	mammalian	ferret	literature	https://doi.org/10.1371/journal.ppat.1001106	20862325			
combination	NS2:M16I-NS2:Y41C-NS2:E75G	3	NS2	75	E	G	NS2:E75G	H5N1		Increased polymerase activity in mammalian cell lines	polymerase_activity			increase	mammalian	mammalian cell lines	literature	https://doi.org/10.1128/JVI.01495-13	24155389			
multi_segment_combination	NS2:T47A-NS1:N205S	2	NS2	205	N	S	NS2:N205S	H5N1		Decreased antiviral response in ferrets	antiviral_response			decrease	mammalian	ferret	literature	https://doi.org/10.1371/journal.ppat.1001106	20862325			
multi_segment_combination	NS2:M51I-NS1:G210R	2	NS2	210	G	R	NS2:G210R	H5N1		Decreased antiviral response in ferrets	antiviral_response			decrease	mammalian	ferret	literature	https://doi.org/10.1371/journal.ppat.1001106	20862325			
