feature_type	combination_name	combination_id	segment	position_met1	position_N2	ref_AA	alt_AA	name	subtype_tested	subtype_notes	phenotypic_consequences	phenotypic_category	concern_score	confidence_score	phenotypic_effect	host_type	host_taxon	source	references	PMID	additional_comments	gpha_background	gpha_known_muts
single			PB2	9		D	N	D9N	H5N1		Increased virulence in mice	virulence			increase	mammalian	mouse	literature	https://doi.org/10.1128/JVI.00879-10 	20538852		Y	
single			PB2	25		V	A	V25A	H5N1	backbone with H1N1 NS	Increased virulence in mice	virulence			increase	mammalian	mouse	literature	https://doi.org/10.1128/jvi.01886-15	26339046			
combination	PB2:M28I-PB2:PB2:A274T-PB2:PB2:K526R-PB2:PB2:I553V-PB2:PB2:L607V	PB2:M28I-PB2:A274T-PB2:K526R-PB2:I553V-PB2:L607V:1	PB2	28		M	I	M28I	H5N1		decreased polymerase activity in mammalian cell line	polymerase_activity			decrease	mammalian		literature	https://doi.org/10.1016/j.virol.2010.01.036	20211480			
combination	PB2:L89V-PB2:G309D	PB2:L89V-PB2:G309D:1	PB2	89		L	V	L89V	H5N1		 increased virulence in mice	virulence			increase	mammalian	mouse	literature	https://doi.org/10.1016/j.virusres.2009.04.008	19393699		could be different numbering 	
combination	PB2:L89V-PB2:G309D	PB2:L89V-PB2:G309D:1	PB2	89		L	V	L89V	H5N1		Increased polymerase activity in mammalian cell line	polymerase_activity			increase	mammalian		literature	https://doi.org/10.1016/j.virusres.2009.04.008	19393699		could be different numbering 	
combination	PB2:L89V-PB2:G309D-PB2:T339K-PB2:R477G-PB2:I495V-PB2:K627E-PB2:A676T	PB2:PB2:L89V-PB2:G309D-PB2:T339K-PB2:R477G-PB2:I495V-PB2:K627E-PB2:A676T:1	PB2	89		L	V	L89V	H5N1		increased virulence in mice	virulence			increase	mammalian		literature	https://doi.org/10.1016/j.virusres.2009.04.008	19393699			
combination	PB2:L89V-PB2:G309D-PB2:T339K-PB2:R477G-PB2:I495V-PB2:K627E-PB2:A676T	PB2:L89V-PB2:G309D-PB2:T339K-PB2:R477G-PB2:I495V-PB2:K627E-PB2:A676T:1	PB2	89		L	V	L89V	H5N1		Increased polymerase activity in mammalian cell line	polymerase_activity			increase	mammalian	mouse	literature	https://doi.org/10.1016/j.virusres.2009.04.008	19393699			
combination	PB2:M147L-PB2:E627K	PB2:M147L-PB2:E627K:1	PB2	147		M	L	M147L	H9N2		Increased polymerase activity in mammalian cell line	polymerase_activity			increase	mammalian		literature	https://doi.org/10.1371/journal.pone.0040752	22808250			
combination	PB2:M147L-PB2:E627K	PB2:M147L-PB2:E627K:1	PB2	147		M	L	M147L	H9N2		Increased virulence in mice	virulence			increase	mammalian	mouse	literature	https://doi.org/10.1371/journal.pone.0040752	22808250			
combination	PB2:I147T-PB2:K339T-PB2:A588T	PB2:I147T-PB2:K339T-PB2:A588T:1	PB2	147		I	T	I147T	H5N1		Increased polymerase activity in mammalian cell line	polymerase_activity			increase	mammalian		literature	https://doi.org/10.1038/ncomms6021	25289523			
combination	PB2:I147T-PB2:K339T-PB2:A588T	PB2:I147T-PB2:K339T-PB2:A588T:1	PB2	147		I	T	I147T	H5N1		Increased  virulence in mice	virulence			increase	mammalian		literature	https://doi.org/10.1038/ncomms6021	25289523			
combination	NP:E434K-HA:Q227P-PB2:D195N	NP:E434K-HA:Q227P-PB2:D195N:3	PB2	195		D	N	D195N	H9N2		Enhanced contact transmission in guinea pigs	transmissibility			increase	mammalian	guinea_pig	literature	https://doi.org/10.1038/srep15928	26552719			
combination	PB2:M28I-PB2:A274T-PB2:K526R-PB2:I553V-PB2:L607V	PB2:M28I-PB2:A274T-PB2:K526R-PB2:I553V-PB2:L607V:2	PB2	274		A	T	A274T	H5N1		decreased polymerase activity in mammalian cell line	polymerase_activity			decrease	mammalian		literature	https://doi.org/10.1016/j.virol.2010.01.036	20211480			
combination	PB2:L89V-PB2:G309D	PB2:L89V-PB2:G309D:2	PB2	309		G	D	G309D	H5N1		 increased virulence in mice	virulence			increase	mammalian	mouse	literature	https://doi.org/10.1016/j.virusres.2009.04.008	19393699			
combination	PB2:L89V-PB2:G309D	PB2:L89V-PB2:G309D:2	PB2	309		G	D	G309D	H5N1		Increased polymerase activity in mammalian cell line	polymerase_activity			increase	mammalian		literature	https://doi.org/10.1016/j.virusres.2009.04.008	19393699			
combination	PB2:L89V-PB2:G309D-PB2:T339K-PB2:R477G-PB2:I495V-PB2:K627E-PB2:A676T	PB2:L89V-PB2:G309D-PB2:T339K-PB2:R477G-PB2:I495V-PB2:K627E-PB2:A676T:2	PB2	309		G	D	G309D	H5N1		increased virulence in mice	virulence			increase	mammalian		literature	https://doi.org/10.1016/j.virusres.2009.04.008	19393699			
combination	PB2:L89V-PB2:G309D-PB2:T339K-PB2:R477G-PB2:I495V-PB2:K627E-PB2:A676T	PB2:L89V-PB2:G309D-PB2:T339K-PB2:R477G-PB2:I495V-PB2:K627E-PB2:A676T:2	PB2	309		G	D	G309D	H5N1		Increased polymerase activity in mammalian cell line	polymerase_activity			increase	mammalian	mouse	literature	https://doi.org/10.1016/j.virusres.2009.04.008	19393699			
combination	PB2:L89V-PB2:G309D-PB2:T339K-PB2:R477G-PB2:I495V-PB2:K627E-PB2:A676T	PB2:L89V-PB2:G309D-PB2:T339K-PB2:R477G-PB2:I495V-PB2:K627E-PB2:A676T:3	PB2	339		T	K	T339K	H5N1		increased virulence in mice	virulence			increase	mammalian		literature	https://doi.org/10.1016/j.virusres.2009.04.008	19393699			
combination	PB2:L89V-PB2:G309D-PB2:T339K-PB2:R477G-PB2:I495V-PB2:K627E-PB2:A676T	PB2:L89V-PB2:G309D-PB2:T339K-PB2:R477G-PB2:I495V-PB2:K627E-PB2:A676T:3	PB2	339		T	K	T339K	H5N1		Increased polymerase activity in mammalian cell line	polymerase_activity			increase	mammalian	mouse	literature	https://doi.org/10.1016/j.virusres.2009.04.008	19393699			
combination	PB2:I147T-PB2:K339T-PB2:A588T	PB2:I147T-PB2:K339T-PB2:A588T:2	PB2	339		K	T	K339T	H5N1		Increased polymerase activity in mammalian cell line	polymerase_activity			increase	mammalian		literature	https://doi.org/10.1038/ncomms6021	25289523			
combination	PB2:I147T-PB2:K339T-PB2:A588T	PB2:I147T-PB2:K339T-PB2:A588T:2	PB2	339		K	T	K339T	H5N1		Increased virulence in mice	virulence			increase	mammalian	mouse	literature	https://doi.org/10.1038/ncomms6021	25289523			
combination	PB2:L89V-PB2:G309D-PB2:T339K-PB2:R477G-PB2:I495V-PB2:K627E-PB2:A676T	PB2:L89V-PB2:G309D-PB2:T339K-PB2:R477G-PB2:I495V-PB2:K627E-PB2:A676T:4	PB2	477		R	G	R477G	H5N1		increased virulence in mice	virulence			increase	mammalian		literature	https://doi.org/10.1016/j.virusres.2009.04.008	19393699			
combination	PB2:L89V-PB2:G309D-PB2:T339K-PB2:R477G-PB2:I495V-PB2:K627E-PB2:A676T	PB2:L89V-PB2:G309D-PB2:T339K-PB2:R477G-PB2:I495V-PB2:K627E-PB2:A676T:4	PB2	477		R	G	R477G	H5N1		Increased polymerase activity in mammalian cell line	polymerase_activity			increase	mammalian	mouse	literature	https://doi.org/10.1016/j.virusres.2009.04.008	19393699			
combination	PB2:L89V-PB2:G309D-PB2:T339K-PB2:R477G-PB2:I495V-PB2:K627E-PB2:A676T	PB2:L89V-PB2:G309D-PB2:T339K-PB2:R477G-PB2:I495V-PB2:K627E-PB2:A676T:5	PB2	495		I	V	I495V	H5N1		increased virulence in mice	virulence			increase	mammalian		literature	https://doi.org/10.1016/j.virusres.2009.04.008	19393699			
combination	PB2:L89V-PB2:G309D-PB2:T339K-PB2:R477G-PB2:I495V-PB2:K627E-PB2:A676T	PB2:L89V-PB2:G309D-PB2:T339K-PB2:R477G-PB2:I495V-PB2:K627E-PB2:A676T:5	PB2	495		I	V	I495V	H5N1		Increased polymerase activity in mammalian cell line	polymerase_activity			increase	mammalian	mouse	literature	https://doi.org/10.1016/j.virusres.2009.04.008	19393699			
combination	PB2:M28I-PB2:A274T-PB2:K526R-PB2:I553V-PB2:L607V	PB2:M28I-PB2:A274T-PB2:K526R-PB2:I553V-PB2:L607V:3	PB2	526		K	R	K526R	H5N1		decreased polymerase activity in mammalian cell line	polymerase_activity			decrease	mammalian		literature	https://doi.org/10.1016/j.virol.2010.01.036	20211480			
combination	PB2:K526R-PB2:E627K	PB2:K526R-PB2:E627K:1	PB2	526		K	R	K526R	H5N1		increased polymerase activity in mammalian cell line	polymerase_activity			increase	mammalian		literature	https://doi.org/10.1038/ncomms6509	25409547			
combination	PB2:K526R-PB2:E627K	PB2:K526R-PB2:E627K:1	PB2	526		K	R	K526R	H5N1		Increased virulence in mice	virulence			increase	mammalian	mouse	literature	https://doi.org/10.1038/ncomms6509	25409547			
combination	PB2:K526R-PB2:E627K	PB2:K526R-PB2:E627K:1	PB2	526		K	R	K526R	H7N9		increased polymerase activity in mammalian cell line	polymerase_activity			increase	mammalian		literature	https://doi.org/10.1038/ncomms6509	25409547			
combination	PB2:K526R-PB2:E627K	PB2:K526R-PB2:E627K:1	PB2	526		K	R	K526R	H7N9		Increased virulence in mice	virulence			increase	mammalian	mouse	literature	https://doi.org/10.1038/ncomms6509	25409547			
combination	PB2:M28I-PB2:A274T-PB2:K526R-PB2:I553V-PB2:L607V	PB2:M28I-PB2:A274T-PB2:K526R-PB2:I553V-PB2:L607V:4	PB2	553		I	V	I553V	H5N1		decreased polymerase activity in mammalian cell line	polymerase_activity			decrease	mammalian		literature	https://doi.org/10.1016/j.virol.2010.01.036	20211480			
	PB2:I147T-PB2:K339T-PB2:A588T	PB2:I147T-PB2:K339T-PB2:A588T:3	PB2	588		A	T	A588T	H5N1		Increased polymerase activity in mammalian cell line	polymerase_activity			increase	mammalian		literature	https://doi.org/10.1038/ncomms6021	25289523			
combination	PB2:I147T-PB2:K339T-PB2:A588T	PB2:I147T-PB2:K339T-PB2:A588T:3	PB2	588		A	T	A588T	H5N1		Increased virulence in mice	virulence			increase	mammalian	mouse	literature	https://doi.org/10.1038/ncomms6021	25289523			
combination	PB2:M28I-PB2:A274T-PB2:K526R-PB2:I553V-PB2:L607V	PB2:M28I-PB2:A274T-PB2:K526R-PB2:I553V-PB2:L607V:5	PB2	607		L	V	L607V	H5N1		decreased polymerase activity in mammalian cell line	polymerase_activity			decrease	mammalian		literature	https://doi.org/10.1016/j.virol.2010.01.036	20211480			
combination	PB2:L89V-PB2:G309D-PB2:T339K-PB2:R477G-PB2:I495V-PB2:K627E-PB2:A676T	PB2:L89V-PB2:G309D-PB2:T339K-PB2:R477G-PB2:I495V-PB2:K627E-PB2:A676T:6	PB2	627		K	E	K627E	H5N1		increased virulence in mice	virulence			increase	mammalian		literature	https://doi.org/10.1016/j.virusres.2009.04.008	19393699			
combination	PB2:L89V-PB2:G309D-PB2:T339K-PB2:R477G-PB2:I495V-PB2:K627E-PB2:A676T	PB2:L89V-PB2:G309D-PB2:T339K-PB2:R477G-PB2:I495V-PB2:K627E-PB2:A676T:6	PB2	627		K	E	K627E	H5N1		Increased polymerase activity in mammalian cell line	polymerase_activity			increase	mammalian	mouse	literature	https://doi.org/10.1016/j.virusres.2009.04.008	19393699			
combination	PB2:M147L-PB2:E627K	PB2:M147L-PB2:E627K:2	PB2	627		E	K	E627K	H9N2		Increased polymerase activity in mammalian cell line	polymerase_activity			increase	mammalian		literature	https://doi.org/10.1371/journal.pone.0040752	22808250			
combination	PB2:M147L-PB2:E627K	PB2:M147L-PB2:E627K:2	PB2	627		E	K	E627K	H9N2		Increased virulence in mice	virulence			increase	mammalian	mouse	literature	https://doi.org/10.1371/journal.pone.0040752	22808250			
combination	PB2:K526R-PB2:E627K	PB2:K526R-PB2:E627K:2	PB2	627		E	K	E627K	H5N1		increased polymerase activity in mammalian cell line	polymerase_activity			increase	mammalian		literature	https://doi.org/10.1038/ncomms6509	25409547			
combination	PB2:K526R-PB2:E627K	PB2:K526R-PB2:E627K:2	PB2	627		E	K	E627K	H5N1		Increased  virulence in mice	virulence			increase	mammalian	mouse	literature	https://doi.org/10.1038/ncomms6509	25409547			
combination	PB2:K526R-PB2:E627K	PB2:K526R-PB2:E627K:2	PB2	627		E	K	E627K	H7N9		increased polymerase activity in mammalian cell line	polymerase_activity			increase	mammalian		literature	https://doi.org/10.1038/ncomms6509	25409547			
combination	PB2:K526R-PB2:E627K	PB2:K526R-PB2:E627K:2	PB2	627		E	K	E627K	H7N9		Increased  virulence in mice	virulence			increase	mammalian	mouse	literature	https://doi.org/10.1038/ncomms6509	25409547			
combination	PB2:E627K-PB2:D701N	PB2:PB2:E627K-PB2:D701N:1	PB2	627		E	K	E627K	H7N9		increased polymerase activity in mammalian cell line	polymerase_activity			increase	mammalian		literature	https://doi.org/10.1186/s12985-015-0304-6	25940512			
combination	PB2:E627K-PB2:S714R	PB2:E627K-PB2:S714R:1	PB2	627		E	K	E627K	H7N7		increased polymerase activity in mammalian cell line	polymerase_activity			increase	mammalian		literature	https://doi.org/10.1099/jgv.0.000333	26560088			
combination	PB2:E627K-PB2:S714R	PB2:E627K-PB2:S714R:1	PB2	627		E	K	E627K	H7N9		increased polymerase activity in mammalian cell line	polymerase_activity			increase	mammalian		literature	https://doi.org/10.1099/jgv.0.000333	26560088			
combination	PB2:E627K-PB2:S714R	PB2:E627K-PB2:S714R:1	PB2	627		E	K	E627K	H9N2		increased polymerase activity in mammalian cell line	polymerase_activity			increase	mammalian		literature	https://doi.org/10.1099/jgv.0.000333	26560088			
combination	PB2:E627K-PB2:D701N-PB2:S714R	PB2:E627K-PB2:D701N-PB2:S714R:1	PB2	627		E	K	E627K	H9N2		increased polymerase activity in mammalian cell line	polymerase_activity			increase	mammalian		literature	https://doi.org/10.1099/jgv.0.000333	26560088			
combination	PB2:E627K-PB2:D701N-PB2:S714R	PB2:E627K-PB2:D701N-PB2:S714R:1	PB2	627		E	K	E627K	H9N2		increased virulence in mice	virulence			increase	mammalian	mouse	literature	https://doi.org/10.1099/jgv.0.000333	26560088			
multi_segment_combination	PB2:E627K-HA:H110Y-HA:T160A-HA:Q226L-HA:G228S-PB1:H99Y		PB2	627		E	K	E627K	H5N1		Enable airborne transmissibility between ferrets	transmissibility			increase	mammalian	ferret	literature	https://doi.org/10.1016/j.cell.2014.02.040	24725402			
multi_segment_combination	PB2:E627K-HA:H110Y-HA:T160A-HA:Q226L-HA:G228S-PB1:H99Y		PB2	627		E	K	E627K	H5N1		Enable  contact transmission between guinea pigs	transmissibility			increase	mammalian	guinea_pig	literature	https://doi.org/10.1016/j.cell.2014.02.040	24725402			
combinaton	NP:R99K-NP:S345N-PB1:H99Y-PB1:I368V-HA:H103Y-HA:T156A-HA:Q222L-HA:G224S-PB2:E627K	NP:R99K-NP:S345N-PB1:H99Y-PB1:I368V-HA:H103Y-HA:T156A-HA:Q222L-HA:G224S-PB2:E627K:9	PB2	627		E	K	E627K	H5N1		H5 virus transmissible among ferrets	transmissibility			increase	mammalian	ferret	CDC	https://doi.org/10.1126/science.1213362	22723413	NP mutations associated but no evidence they contribute to transmissibility		
combination	NP:G357N-PB2:E627K	NP:G357N-PB2:E627K:2	PB2	627		E	K	E627K	H5N1		Enhanced virulence in mice	virulence			increase	mammalian	mouse	CDC	https://doi.org/10.1099/vir.0.018143-0	20016035			
combination	NP:Q357L-PB2:E627K	NP:Q357L-PB2:E627K:2	PB2	627		E	K	E627K	H5N1		Increased virulence in mice	virulence			increase	mammalian	mouse	literature	https://doi.org/10.1099/vir.0.018143-0	20016035			
combination	PB2:L89V-PB2:G309D-PB2:T339K-PB2:R477G-PB2:I495V-PB2:K627E-PB2:A676T	PB2:L89V-PB2:G309D-PB2:T339K-PB2:R477G-PB2:I495V-PB2:K627E-PB2:A676T:7	PB2	676		A	T	A676T	H5N1		increased virulence in mice	virulence			increase	mammalian		literature	https://doi.org/10.1016/j.virusres.2009.04.008	19393699			
combination	PB2:L89V-PB2:G309D-PB2:T339K-PB2:R477G-PB2:I495V-PB2:K627E-PB2:A676T	PB2:L89V-PB2:G309D-PB2:T339K-PB2:R477G-PB2:I495V-PB2:K627E-PB2:A676T:7	PB2	676		A	T	A676T	H5N1		Increased polymerase activity in mammalian cell line	polymerase_activity			increase	mammalian	mouse	literature	https://doi.org/10.1016/j.virusres.2009.04.008	19393699			
combination	PB2:E627K-PB2:D701N	PB2:E627K-PB2:D701N:2	PB2	701		D	N	D701N	H7N9		increased polymerase activity in mammalian cell line	polymerase_activity			increase	mammalian		literature	https://doi.org/10.1186/s12985-015-0304-6	25940512			
combination	PB2:E627K-PB2:D701N-PB2:S714R	PB2:E627K-PB2:D701N-PB2:S714R:2	PB2	701		D	N	D701N	H9N2		increased polymerase activity in mammalian cell line	polymerase_activity			increase	mammalian		literature	https://doi.org/10.1099/jgv.0.000333	26560088			
combination	PB2:E627K-PB2:D701N-PB2:S714R	PB2:E627K-PB2:D701N-PB2:S714R:2	PB2	701		D	N	D701N	H9N2		increased virulence in mice	virulence			increase	mammalian	mouse	literature	https://doi.org/10.1099/jgv.0.000333	26560088			
combination	PB2:D701N-PB2:S714R	PB2:D701N-PB2:S714R:1	PB2	701		D	N	D701N	H5N1		increased polymerase activity in mammalian cell line	polymerase_activity			increase	mammalian		literature	https://doi.org/10.1128/JVI.00422-14	24899203			
combination	PB2:D701N-PB2:S714R	PB2:D701N-PB2:S714R:1	PB2	701		D	N	D701N	H5N1		increased virulence in mice	virulence			increase	mammalian		literature	https://doi.org/10.1128/JVI.00422-14	24899203			
combination	PB2:D701N-PB2:S714R	PB2:D701N-PB2:S714R:1	PB2	701		D	N	D701N	H7N7		increased polymerase activity in mammalian cell line	polymerase_activity			increase	mammalian		literature	https://doi.org/10.1099/jgv.0.000333	26560088			
combination	PB2:D701N-PB2:S714R	PB2:D701N-PB2:S714R:1	PB2	701		D	N	D701N	H7N9		increased polymerase activity in mammalian cell line	polymerase_activity			increase	mammalian		literature	https://doi.org/10.1099/jgv.0.000333	26560088			
combination	PB2:D701N-PB2:S714R	PB2:D701N-PB2:S714R:1	PB2	701		D	N	D701N	H9N2		increased polymerase activity in mammalian cell line	polymerase_activity			increase	mammalian		literature	https://doi.org/10.1099/jgv.0.000333	26560088			
combination	PB2:E627K-PB2:S714R	PB2:E627K-PB2:S714R:2	PB2	714		S	R	S714R	H7N7		increased polymerase activity in mammalian cell line	polymerase_activity			increase	mammalian		literature	https://doi.org/10.1099/jgv.0.000333	26560088			
combination	PB2:E627K-PB2:S714R	PB2:E627K-PB2:S714R:2	PB2	714		S	R	S714R	H7N9		increased polymerase activity in mammalian cell line	polymerase_activity			increase	mammalian		literature	https://doi.org/10.1099/jgv.0.000333	26560088			
combination	PB2:E627K-PB2:S714R	PB2:E627K-PB2:S714R:2	PB2	714		S	R	S714R	H9N2		increased polymerase activity in mammalian cell line	polymerase_activity			increase	mammalian		literature	https://doi.org/10.1099/jgv.0.000333	26560088			
combination	PB2:E627K-PB2:D701N-PB2:S714R	PB2:E627K-PB2:D701N-PB2:S714R:3	PB2	714		S	R	S714R	H9N2		increased polymerase activity in mammalian cell line	polymerase_activity			increase	mammalian		literature	https://doi.org/10.1099/jgv.0.000333	26560088			
combination	PB2:E627K-PB2:D701N-PB2:S714R	PB2:E627K-PB2:D701N-PB2:S714R:3	PB2	714		S	R	S714R	H9N2		increased virulence in mice	virulence			increase	mammalian	mouse	literature	https://doi.org/10.1099/jgv.0.000333	26560088			
combination	PB2:D701N-PB2:S714R	PB2:D701N-PB2:S714R:2	PB2	714		S	R	S714R	H5N1		increased polymerase activity in mammalian cell line	polymerase_activity			increase	mammalian		literature	https://doi.org/10.1128/JVI.00422-14	24899203			
combination	PB2:D701N-PB2:S714R	PB2:D701N-PB2:S714R:2	PB2	714		S	R	S714R	H5N1		increased virulence in mice	virulence			increase	mammalian		literature	https://doi.org/10.1128/JVI.00422-14	24899203			
combination	PB2:D701N-PB2:S714R	PB2:D701N-PB2:S714R:2	PB2	714		S	R	S714R	H7N7		increased polymerase activity in mammalian cell line	polymerase_activity			increase	mammalian		literature	https://doi.org/10.1099/jgv.0.000333	26560088			
combination	PB2:D701N-PB2:S714R	PB2:D701N-PB2:S714R:2	PB2	714		S	R	S714R	H7N9		increased polymerase activity in mammalian cell line	polymerase_activity			increase	mammalian		literature	https://doi.org/10.1099/jgv.0.000333	26560088			
combination	PB2:D701N-PB2:S714R	PB2:D701N-PB2:S714R:2	PB2	714		S	R	S714R	H9N2		increased polymerase activity in mammalian cell line	polymerase_activity			increase	mammalian		literature	https://doi.org/10.1099/jgv.0.000333	26560088			
single			PB2	158		E	G	E158G	H5N2		increased virulence in mice	virulence			increase	mammalian	mouse	literature	https://doi.org/10.1128/jvi.01694-10	20962098			
single			PB2	158		E	G	E158G	H5N2		Increased polymerase activity in mammalian cell line	polymerase_activity			increase	mammalian	mouse	literature	https://doi.org/10.1128/jvi.01694-10	20962098			
single			PB2	158		E	G	E158G	H5N9		Increased polymerase activity in mammalian cell line	polymerase_activity			increase	mammalian	mouse	literature	https://doi.org/10.1128/jvi.01694-10	20962098			
single			PB2	158		E	G	E158G	H5N9		increased virulence in mice	virulence			increase	mammalian	mouse	literature	https://doi.org/10.1128/jvi.01694-10	20962098			
single			PB2	158		E	K	E158K	H4N6		increased virulence in mice	virulence			increase	mammalian	mouse	literature	https://doi.org/10.1099/jgv.0.001192	31081750			
single			PB2	192		E	K	E192K	H5N1		increased virulence in mice	virulence			increase	mammalian	mouse	literature	https://doi.org/10.1038/ncomms8491	26082035			
single			PB2	199		A	S	A199S	H5N1		increased virulence in mice	virulence			increase	mammalian	mouse	literature	https://doi.org/10.1099/vir.0.018143-0	20016035			
single			PB2	253		D	N	D253N	H9N2		Increased polymerase activity in mammalian cell line	polymerase_activity			increase	mammalian	human	literature	https://doi.org/10.1007/s12250-018-0072-8	30569291			
single			PB2	256		D	G	D256G	H5N1		Increased polymerase activity in mammalian cell line	polymerase_activity			increase	mammalian	pig	literature	https://doi.org/10.1128/JVI.01879-08	19052090			
single			PB2	271		T	A	T271A	H3N2	avian	Increase polymerase activity in avian	polymerase_activity			increase	avian			https://doi.org/10.1128/JVI.02642-09	20181719			
single			PB2	271		T	A	T271A	H3N2	avian	Increase polymerase activity in mammalian cell line	polymerase_activity			increase	mammalian			https://doi.org/10.1128/JVI.02642-09	20181719			
single			PB2	271		T	A	T271A	H5N1		Increase polymerase activity in avian and mammalian cell line	polymerase_activity			increase	mammalian	human	literature	https://doi.org/10.1099/vir.0.031492-0	21471313			
single			PB2	271		T	A	T271A	H7N9		Increase polymerase activity in avian and mammalian cell line	polymerase_activity			increase	mammalian	human	literature	https://doi.org/10.1128/JVI.02740-13	24403592			
single			PB2	292		I	V	I292V	H9N2		Increased polymerase activity in mammalian cell line	polymerase_activity			increase	mammalian	human	literature	https://doi.org/10.1099/jgv.0.001294	31305236			
single			PB2	292		I	V	I292V	H9N2		 increased virulence in mice	virulence			increase	mammalian	mouse	literature	https://doi.org/10.1099/jgv.0.001294	31305236			
single			PB2	292		I	V	I292V	H10N8		Increased polymerase activity in mammalian cell line	polymerase_activity			increase	mammalian	human	literature	https://doi.org/10.1038/srep19474	26782141			
single			PB2	339		L	T	L339T	H5N1		Increased polymerase activity in mammalian cell line	polymerase_activity			increase	mammalian		literature	https://doi.org/10.1074/jbc.M112.392878	23436652			
single			PB2	358		E	V	E358V	H7N3		reduced virulence	virulence			increase	mammalian	human	literature	https://doi.org/10.1016/j.virol.2016.04.013	27105450			
single			PB2	389		K	R	K389R	H7N9		Increased polymerase activity in mammalian cell line	polymerase_activity			increase	mammalian	human	literature	https://doi.org/10.1016/j.virol.2016.11.008	27889648			
single			PB2	389		K	R	K389R	H7N9		Increased polymerase activity in mammalian cell line	polymerase_activity			increase	mammalian		literature	https://doi.org/10.1016/j.virol.2016.11.008	27889648			
single			PB2	482		K	R	K482R	H7N9		Increased polymerase activity in mammalian cell line	polymerase_activity			increase	mammalian	human	literature	https://doi.org/10.1128/JVI.03155-13	24371069			
single			PB2	482		K	R	K482R	H7N9		Increased polymerase activity in mammalian cell line	polymerase_activity			increase	mammalian	human	literature	https://doi.org/10.3201/eid2404.171509	29553313			
single			PB2	526		K	R	K526R	H5N1		Increased polymerase activity in mammalian cell line	polymerase_activity			increase	mammalian	human	literature	https://doi.org/10.1038/ncomms6509	25409547			
single			PB2	526		K	R	K526R	H7N9		Increased polymerase activity in mammalian cell line	polymerase_activity			increase	mammalian	human	literature	https://doi.org/10.1038/ncomms6509	25409547			
single			PB2	535		M	L	M535L	H7N9		Increased polymerase activity in mammalian cell line	polymerase_activity			increase	mammalian	human	literature	https://doi.org/10.1371/journal.pone.0148432	26845764			
single			PB2	588		A	V	A588V	H7N9		Increased virulence in mice	virulence			increase	mammalian	mouse	literature	https://doi.org/10.1038/srep19474	26782141			
single			PB2	588		A	V	A588V	H9N2		Increased virulence in mice	virulence			increase	mammalian	mouse	literature	https://doi.org/10.1038/srep19474	26782141			
single			PB2	588		A	V	A588V	H10N8		Increased virulence in mice	virulence			increase	mammalian	mouse	literature	https://doi.org/10.1038/srep19474	26782141			
single			PB2	590		G	S	G590S													no refs		
single			PB2	591		Q	K	Q591K	H5N1		Increase polymerase activity in avian	polymerase_activity			increase	avian		literature	https://doi.org/10.1038/ncomms8491	26082035			
single			PB2	591		Q	K	Q591K	H5N1		Increase polymerase activity in mammalian cell line	polymerase_activity			increase	mammalian		literature	https://doi.org/10.1038/ncomms8491	26082035			
single			PB2	591		Q	K	Q591K	H5N1		increased replication in mammalian cell line	replication			increase	mammalian		literature	https://doi.org/10.1038/ncomms8491	26082035			
single			PB2	591		Q	K	Q591K	H5N1		Increased virulence in mice	virulence			increase	mammalian		literature	https://doi.org/10.1038/ncomms8491	26082035			
single			PB2	591		Q	K	Q591K	H7N9		Increase polymerase activity in avian  line	polymerase_activity			increase	avian		literature	https://doi.org/10.1371/journal.pone.0148432	26845764			
single			PB2	591		Q	K	Q591K	H7N9		Increase polymerase activity in avian  line	polymerase_activity			increase	avian		literature	 https://doi.org/10.1128/JVI.02740-13	24403592			
single			PB2	591		Q	K	Q591K	H7N9		Increase polymerase activity in mammalian cell line	polymerase_activity			increase	mammalian		literature	https://doi.org/10.1371/journal.pone.0148432	26845764			
single			PB2	591		Q	K	Q591K	H7N9		Increase polymerase activity in mammalian cell line	polymerase_activity			increase	mammalian		literature	 https://doi.org/10.1128/JVI.02740-13	24403592			
single			PB2	591		Q	K	Q591K	H9N2		Increased virulence in mice	virulence			increase	mammalian	mouse	literature	https://doi.org/10.1371/journal.pone.0162163	27684944			
single			PB2	591		Q	K	Q591K	H9N2		Increased polymerase activity in mammalian cell line	polymerase_activity			increase	mammalian	human	literature	https://doi.org/10.1371/journal.pone.0162163	27684944			
single			PB2	598		V	T	V598T	H7N9		Increased virulence in mice	virulence			increase	mammalian	mouse	literature	https://doi.org/10.1016/j.virol.2016.11.008	27889648			
single			PB2	598		V	I	V598I	H7N9		Increased virulence in mice	virulence			increase	mammalian	mouse	literature	https://doi.org/10.1016/j.virol.2016.11.008	27889648			
single			PB2	627		E	K	E627K	H4N6		Increase polymerase activity in avian and mammalian cell line	polymerase_activity			increase	mammalian	mouse	literature	https://doi.org/10.1099/jgv.0.001192	31081750			
single			PB2	627		E	K	E627K	H4N6		increased replication in mammalian cell line	replication			increase	mammalian	mouse	literature	https://doi.org/10.1099/jgv.0.001192	31081750			
single			PB2	627		E	K	E627K	H4N6		Increased virulence in mice	virulence			increase	mammalian	mouse	literature	https://doi.org/10.1099/jgv.0.001192	31081750			
single			PB2	627		E	K	E627K	H5N1		Enhanced polymerase activity	polymerase_activity			increase	mammalian	human	literature	https://doi.org/10.1128/mBio.00151-11	21846828			
single			PB2	627		E	K	E627K	H5N1		increased virulence in mice	virulence			increase	mammalian	mouse	literature	https://doi.org/10.1093/infdis/jiu447	25124927			
single			PB2	627		E	K	E627K	H5N1		Contributes to airborne pathogenicity of IAVs in ferrets	pathogenicity			increase	mammalian	guinea_pig	literature	https://doi.org/10.1093/infdis/jiu447	25124927			
single			PB2	627		E	K	E627K	H5N1		Contributes to contact transmission in guinea pigs. 	transmission			increase	mammalian	ferrets	literature	https://doi.org/10.1093/infdis/jiu447	25124927			
single			PB2	627		E	K	E627K	H5N1		Decreases polymerase activity and replication in avian cell lines. 	polymerase_activity			decrease	avian	chicken	literature	https://doi.org/10.1128/mBio.00151-11	21846828			
single			PB2	627		E	K	E627K	H5N1		Decreases virulence in chickens.	virulence			decrease	avian	chicken	literature	https://doi.org/10.1128/mBio.00151-11	21846828			
single			PB2	627		E	K	E627K	H6N1		Increased polymerase activity in mammalian cell line	polymerase_activity			increase	mammalian	mouse	literature	https://doi.org/10.1016/j.virol.2014.08.010	25194918			
single			PB2	627		E	K	E627K	H6N1		increased virulence in mice	virulence			increase	mammalian	mouse	literature	https://doi.org/10.1016/j.virol.2014.08.010	25194918			
single			PB2	627		E	K	E627K	H7N7		Increased polymerase activity in mammalian cell line, 	polymerase_activity			increase	mammalian	mouse	literature	https://doi.org/10.1099/jgv.0.000333	26560088			
single			PB2	627		E	K	E627K	H7N7		Increased virulence in mice	virulence			increase	mammalian	mouse	literature	https://doi.org/10.1099/jgv.0.000334	26560089			
single			PB2	627		E	K	E627K	H7N9		Increased polymerase activity in mammalian cell line, 	polymerase_activity			increase	mammalian	mouse	literature	https://doi.org/10.1099/jgv.0.000335	26560090			
single			PB2	627		E	K	E627K	H7N9		Increased virulence in mice	virulence			increase	mammalian	mouse	literature	https://doi.org/10.1099/jgv.0.000336	26560091			
single			PB2	627		E	K	E627K	H9N2		Increased polymerase activity in mammalian cell line	polymerase_activity			increase	mammalian	mouse	literature	https://doi.org/10.1099/jgv.0.000337	26560092			
single			PB2	627		E	K	E627K	H9N2		increased virulence in mice	virulence			increase	mammalian	mouse	literature	https://doi.org/10.1099/jgv.0.000338	26560093			
single			PB2	627		E	K	E627K	H7N7		Increased polymerase activity in mammalian cell line, 	polymerase_activity			increase	mammalian	mouse	literature	https://doi.org/10.1186/1743-422X-10-276	24007444			
single			PB2	627		E	K	E627K	H7N7		Increased virulence in mice	virulence			increase	mammalian	mouse	literature	https://doi.org/10.1186/1743-422X-10-277	24007445			
single			PB2	627		E	K	E627K	H7N9		Increased polymerase activity in mammalian cell line, 	polymerase_activity			increase	mammalian	mouse	literature	https://doi.org/10.1186/1743-422X-10-278	24007446			
single			PB2	627		E	K	E627K	H7N9		Increased virulence in mice	virulence			increase	mammalian	mouse	literature	https://doi.org/10.1186/1743-422X-10-279	24007447			
single			PB2	627		E	K	E627K	H9N2		Increased polymerase activity in mammalian cell line	polymerase_activity			increase	mammalian	mouse	literature	https://doi.org/10.1186/1743-422X-10-280	24007448			
single			PB2	627		E	K	E627K	H9N2		increased virulence in mice	virulence			increase	mammalian	mouse	literature	https://doi.org/10.1186/1743-422X-10-281	24007449			
single			PB2	627		E	V	E627V	H5N1		increased virulence in mice	virulence			increase	mammalian	mouse	literature	https://doi.org/10.1038/ncomms8491	26082035			
single			PB2	627		K	E	K627E	H5N1		increased virulence in chickens	virulence			increase	avian	chicken	literature	https://doi.org/10.1371/journal.pone.0030960	22363523			
single			PB2	63		I	T	I63T	H5N1		Decreased pathogenicity in mice	pathogenicity			decrease	mammalian	mouse	literature	https://doi.org/10.1371/journal.pone.0014722	21373190			
single			PB2	631		M	L	M631L													no refs		
single			PB2	701		D	N	D701N	H1N2		increased replication in mammalian cell line	replication			increase	mammalian	mouse	literature	https://doi.org/10.1007/s00705-019-04283-0	31111259			
single			PB2	701		D	N	D701N	H1N2		Increased virulence in mice	virulence			increase	mammalian	mouse	literature	https://doi.org/10.1007/s00705-019-04283-0	31111259			
single			PB2	701		D	N	D701N	H5N1		Increased polymerase activity 	polymerase_activity			increase	mammalian		literature	https://doi.org/10.1128/JVI.00063-09	19264775			
single			PB2	701		D	N	D701N	H5N1		enhanced replication efficiency	replication			increase	mammalian		literature	https://doi.org/10.1128/JVI.79.18.12058-12064.2005	16140781			
single			PB2	701		D	N	D701N	H5N1		increased virulence	virulence			increase	mammalian		literature	https://doi.org/10.1128/JVI.00063-09	19264775			
single			PB2	701		D	N	D701N	H5N1		increased contact transmission in guinea pigs	transmission			increase	mammalian	guinea_pig	literature	https://doi.org/10.1128/JVI.00063-09	19264775			
single			PB2	701		D	N	D701N	H5N1		increased virulence in mice	virulence			increase	mammalian	mouse	literature	https://doi.org/10.1128/JVI.00063-09	19264775			
single			PB2	701		D	N	D701N	H7N9		Increased polymerase activity in mammalian cell line	polymerase_activity			increase	mammalian		literature	https://doi.org/10.1128/JVI.02740-13	24403592			
single			PB2	701		D	N	D701N	H7N9		Increased polymerase activity in mammalian cell line	polymerase_activity			increase	mammalian		literature	https://doi.org/10.1371/journal.pone.0148432	26845764			
single			PB2	701		D	N	D701N	H9N2		Increased polymerase activity in mammalian cell line	polymerase_activity			increase	mammalian		literature	https://doi.org/10.1099/jgv.0.000333	26560088			
single			PB2	701		D	V	D701V	H5N1		Increased polymerase activity	polymerase_activity			increase	mammalian		literature	https://doi.org/10.1038/ncomms8491	26082035			
single			PB2	701		D	V	D701V	H5N1		replication in mammalian cell lines	polymerase_activity			increase	mammalian		literature	https://doi.org/10.1038/ncomms8491	26082035			
single			PB2	701		D	V	D701V	H5N1		Iincreased virulence in mice	virulence			increase	mammalian	mouse	literature	https://doi.org/10.1038/ncomms8491	26082035			
single			PB2	714		S	R	S714R	H7N7		Increased polymerase activity 	polymerase_activity			increase	mammalian		literature	https://doi.org/10.1128/JVI.00666-07	17567688			
single			PB2	714		S	R	S714R	H7N7		Increased polymerase activity 	polymerase_activity			increase	mammalian		literature	https://doi.org/10.1073/pnas.0507415102	16339318			
single			PB2	714		S	R	S714R	H7N7		Increased  replication in mammalian cell line	replication			increase	mammalian		literature	https://doi.org/10.1128/JVI.00666-07	17567688			
single			PB2	714		S	R	S714R	H7N7		Increased  replication in mammalian cell line	replication			increase	mammalian		literature	https://doi.org/10.1073/pnas.0507415102	16339318			
single			PB2	714		S	R	S714R	H9N2		Increased polymerase activity in mammalian cell line	polymerase_activity			increase	mammalian	mouse	literature	https://doi.org/10.1099/jgv.0.000333	26560088			
single			PB2	715		S	N	S715N	H5N1		decreased virulence in mice	virulence			decrease	mammalian	mouse	literature	https://doi.org/10.3389/fmicb.2015.00073	25713566			
single			PB2	740		D	N	D740N													no refs		
