feature_type	combination_name	combination_id	segment	position_met1	ref_AA	alt_AA	name	subtype_tested	subtype_notes	phenotypic_consequences	phenotypic_category	concern_score	confidence_score	phenotypic_effect	host_type	host_taxon	source	references	PMID	additional_comments	gpha_background	gpha_known_muts
single			PA	37	S	A	S37A	H7N9		Increased polymerase activity in mammalian cell line 	polymerase_activity			increase	mammalian		literature	https://doi.org/10.1128/jvi.03155-13	24371069		y	
single			PA	37	A	S	A37S	H7N7		Decreased polymerase activity in mammalian cell line	polymerase_activity			decrease	mammalian		literature	https://doi.org/10.1099/jgv.0.000717	28113045		y	
combination	PA:V44I-PA:V127A-PA:C241Y-PA:A343T-PA:I573V		PA	44	V	I	V44I	H5N1		Increased replication in mammalian cell line	replication_efficacy			increase	mammalian		literature	10.1128/JVI.03532-14	25631084		y	
combination	PA:V44I-PA:V127A-PA:C241Y-PA:A343T-PA:I573V		PA	44	V	I	V44I	H5N1		Increased virulence in mice	virulence			increase	mammalian	mouse	literature	10.1128/JVI.03532-19	25631084		y	
single			PA	63	V	I	V63I	H7N7		Increase polymerase activity and enhanced replication in mammalian cell line	polymerase_activity			increase	mammalian		literature	10.1038/srep37800	27886255		y	
single			PA	63	V	I	V63I	H7N7		Increased virulence in mice	virulence			increase	mammalian	mouse	literature	10.1038/srep37800	27886255		y	
single			PA	97	T	I	T97I	H5N1		Increased polymerase activity and replication in mammalian cell line	polymerase_activity			increase	mammalian		literature	10.1038/ncomms8491	26082035		y	
single			PA	97	T	I	T97I	H5N1		Increased virulence in mice	virulence			increase	mammalian	mouse	literature	10.1038/ncomms8491	26082035		y	
single			PA	97	T	I	T97I	H5N2		Increased polymerase activity in mammalian cell line	polymerase_activity			increase	mammalian		literature	10.1128/JVI.01373-09	19793828		y	
single			PA	97	T	I	T97I	H5N2		Enhanced replication in mice	replication			increase	mammalian	mouse	literature	10.1128/JVI.01373-09	19793828		y	
single			PA	97	T	I	T97I	H6N1		Increased polymerase activity in mammalian cells	polymerase_activity			increase	mammalian		literature	10.1016/j.virol.2014.08.010	25194918		y	
combination	PA:P103H-PA:S659L		PA	103	P	H	P103H	H7N7		Decreased polymerase activity replication in mammalian cell line	polymerase_activity			decrease	mammalian		literature	10.1016/j.virol.2016.08.004	27525812		y	
combination	PA:P103H-PA:S659L		PA	103	P	H	P103H	H7N7		Decreased virulence in mice	virulence			decrease	mammalian	mouse	literature	10.1016/j.virol.2016.08.004	27525812		y	
combination	PA:V44I-PA:V127A-PA:C241Y-PA:A343T-PA:I573V		PA	127	V	A	V127A	H5N1		Increased replication in mammalian cell line	replication_efficacy			increase	mammalian		literature	10.1128/JVI.03532-15	25631084		y	
combination	PA:V44I-PA:V127A-PA:C241Y-PA:A343T-PA:I573V		PA	127	V	A	V127A	H5N1		Increased virulence in mice	virulence			increase	mammalian	mouse	literature	10.1128/JVI.03532-20	25631084		y	
single			PA	142	K	N	K142N	H5N1		Increased virulence in mice	virulence			increase	mammalian	mouse	literature	10.1099/vir.0.018143-0	20016035		y	
single			PA	142	K	E	K142E	H5N1		Increased virulence in mice	virulence			increase	mammalian	mouse	literature	10.1099/vir.0.018143-0	20016035		y	
combination	PA:K142R-PA:I147V-PA:I171V-PA:M182L		PA	142	K	R	K142R	H7N9		Increased polymerase activity in mammalian cell line	polymerase_activity			increase	mammalian	mouse	literature	10.1128/mBio.01162-19	31213560		y	
combination	PA:K142R-PA:I147V-PA:I171V-PA:M182L		PA	147	I	V	I147V	H7N9		Increased polymerase activity in mammalian cell line	polymerase_activity			increase	mammalian	mouse	literature	10.1128/mBio.01162-19	31213560		y	
combination	PA:S149P-PA:H266R-PA:I357K-PA:S515T		PA	149	S	P	S149P	H5N1		Increased polymerase activity in mammalian cell line	polymerase_activity			increase	mammalian		literature	10.1016/j.virol.2010.01.036	20211480			
single			PA	158	K	R	K158R	H5N1		Increased polymerase activity in mammalian cell line	polymerase_activity			increase	mammalian		literature	10.1099/jgv.0.000674	27926816		y	
combination	PA:K142R-PA:I147V-PA:I171V-PA:M182L		PA	171	I	V	I171V	H7N9		Increased polymerase activity in mammalian cell line	polymerase_activity			increase	mammalian	mouse	literature	10.1128/mBio.01162-19	31213560		y	
combination	PA:K142R-PA:I147V-PA:I171V-PA:M182L		PA	182	M	L	M182L	H7N9		Increased polymerase activity in mammalian cell line	polymerase_activity			increase	mammalian	mouse	literature	10.1128/mBio.01162-19	31213560		y	
single			PA	190	P	S	P190S	H7N3		Decreased virulence in mice	virulence			decrease	mammalian	mouse	literature	10.1016/j.virol.2016.04.013	27105450		y	
combination	PA:S224P-PA:N383D		PA	224	S	P	S224P	H5N1		Increased polymerase activity and enhanced viral replication in mouse cell lines	polymerase_activity			increase	mammalian	mouse	literature	10.1038/srep10510	26000865		y	
combination	PA:S224P-PA:N383D		PA	224	S	P	S224P	H5N1		Increased polymerase activity and enhanced viral replication in duck cell lines	polymerase_activity			increase	avian	duck	literature	10.1038/srep10510	26000865		y	
combination	PA:S224P-PA:N383D		PA	224	S	P	S224P	H5N1		Increased virulence in mice	virulence			increase	mammalian	mouse	literature	10.1038/srep10510	26000865		y	
combination	PA:S224P-PA:N383D		PA	224	S	P	S224P	H5N1		Increased virulence in ducks	virulence			increase	avian	duck	literature	10.1038/srep10510	26000865		y	
combination	PA:V44I-PA:V127A-PA:C241Y-PA:A343T-PA:I573V		PA	241	C	Y	C241Y	H5N1		Increased replication in mammalian cell line	replication_efficacy			increase	mammalian		literature	10.1128/JVI.03532-16	25631084		y	
combination	PA:V44I-PA:V127A-PA:C241Y-PA:A343T-PA:I573V		PA	241	C	Y	C241Y	H5N1		Increased virulence in mice	virulence			increase	mammalian	mouse	literature	10.1128/JVI.03532-21	25631084		y	
combination	PA:S149P-PA:H266R-PA:I357K-PA:S515T		PA	266	H	R	H266R	H5N1		Increased polymerase activity in mammalian cell line	polymerase_activity			increase	mammalian		literature	10.1016/j.virol.2010.01.036	20211480			
combination	PA:A343S-PA:D347E		PA	343	A	S	A343S	H5N1		Increased polymerase activity in mammalian cell line	polymerase_activity			increase	mammalian		literature	10.1128/JVI.01557-17	29212927		y	
combination	PA:A343S-PA:D347E		PA	343	A	S	A343S	H5N1		Increased virulence in mice	virulence			increase	mammalian	mouse	literature	10.1128/JVI.01557-17	29212927		y	
combination	PA:V44I-PA:V127A-PA:C241Y-PA:A343T-PA:I573V		PA	343	A	T	A343T	H5N1		Increased replication in mammalian cell line	replication_efficacy			increase	mammalian		literature	10.1128/JVI.03532-17	25631084		y	
combination	PA:V44I-PA:V127A-PA:C241Y-PA:A343T-PA:I573V		PA	343	A	T	A343T	H5N1		Increased virulence in mice	virulence			increase	mammalian	mouse	literature	10.1128/JVI.03532-22	25631084		y	
combination	PA:A343S-PA:D347E		PA	347	D	E	D347E	H5N1		Increased polymerase activity in mammalian cell line	polymerase_activity			increase	mammalian		literature	10.1128/JVI.01557-17	29212927		y	
combination	PA:A343S-PA:D347E		PA	347	D	E	D347E	H5N1		Increased virulence in mice	virulence			increase	mammalian	mouse	literature	10.1128/JVI.01557-17	29212927		y	
single			PA	356	K	R	K356R	H9N2		Increase polymerase activity and enhanced replication in mammalian cell line	polymerase_activity			increase	mammalian		literature	10.1128/JVI.00883-16	27384648		y	
single			PA	356	K	R	K356R	H9N2		Increased virulence in mice	virulence			increase	mammalian	mouse	literature	10.1128/JVI.00883-16	27384648		y	
multi-segment_combination	PA:K356R-PB2:E627K		PA	356	K	R	K356R	H9N2		Increased polymerase activity in mammalian cell line	polymerase_activity			increase	mammalian		literature	10.1128/JVI.00883-16	27384648			
multi-segment_combination	PA:K356R-PB2:E627K		PA	356	K	R	K356R	H9N2		Increased replication in mammalian cell line	replication_efficacy			increase	mammalian		literature	10.1128/JVI.00883-16	27384648			
multi-segment_combination	PA:K356R-PB2:E627K		PA	356	K	R	K356R	H9N2		Increased virulence in mice	virulence			increase	mammalian	mouse	literature	10.1128/JVI.00883-16	27384648			
combination	PA:S149P-PA:H266R-PA:I357K-PA:S515T		PA	357	I	K	I357K	H5N1		Increased polymerase activity in mammalian cell line	polymerase_activity			increase	mammalian		literature	10.1016/j.virol.2010.01.036	20211480			
single			PA	383	N	D	N383D	H5N1		Increased polymerase activity in mammalian cell lines	polymerase_activity			increase	mammalian		literature	10.1038/srep10510	26000865		y	
single			PA	383	N	D	N383D	H5N1		Increased polymerase activity in avian cell lines	polymerase_activity			increase	avian		literature	10.1038/srep10510	26000865		y	
single			PA	383	N	D	N383D	H5N1		Increased polymerase activity in mammalian cell lines	polymerase_activity			increase	mammalian		literature	10.1128/JVI.01975-10	21177821		y	
single			PA	383	N	D	N383D	H5N1		Increased polymerase activity in avian cell lines	polymerase_activity			increase	avian		literature	10.1128/JVI.01975-10	21177821		y	
combination	PA:S224P-PA:N383D		PA	383	N	D	N383D	H5N1		Increased polymerase activity and enhanced viral replication in mouse cell lines	polymerase_activity			increase	mammalian	mouse	literature	10.1038/srep10510	26000865		y	
combination	PA:S224P-PA:N383D		PA	383	N	D	N383D	H5N1		Increased polymerase activity and enhanced viral replication in duck cell lines	polymerase_activity			increase	avian	duck	literature	10.1038/srep10510	26000865		y	
combination	PA:S224P-PA:N383D		PA	383	N	D	N383D	H5N1		Increased virulence in mice	virulence			increase	mammalian	mouse	literature	10.1038/srep10510	26000865		y	
combination	PA:S224P-PA:N383D		PA	383	N	D	N383D	H5N1		Increased virulence in ducks	virulence			increase	avian	duck	literature	10.1038/srep10510	26000865		y	
single			PA	400	Q	P	Q400P	H7N3		Decreased virulence in mice	virulence			decrease	mammalian	mouse	literature	10.1016/j.virol.2016.04.013	27105450		y	
single			PA	409	N	S	N409S	H7N9		Increased polymerase activity and replication in mammalian cell line	polymerase_activity			increase	mammalian		literature	10.1128/JVI.03155-13	24371069		y	
single			PA	421	S	I	S421I	H5N1		Increased virulence in mice	virulence			increase	mammalian	mouse	literature	10.1099/vir.0.018143-0	20016035		y	
single			PA	443	R	K	R443K	H5N1		Increased virulence in mice	virulence			increase	mammalian	mouse	literature	10.1128/JVI.01886-15	26339046		y	
single			PA	497	K	R	K497R	H7N9	Human isolate	Increased polymerase activity in mammalian cell line	polymerase_activity			increase	mammalian		literature	10.3201/eid2404.171509	29553313		y	
single			PA	515	T	A	T515A	H5N1		Decreased polymerase activity in mammalian cell line	polymerase_activity			decrease	mammalian		literature	10.1128/JVI.00435-07	17553873		y	
single			PA	515	T	A	T515A	H5N1		Decreased virulence in ducks	virulence			decrease	avian	duck	literature	10.1128/JVI.00435-07	17553873		y	
combination	PA:S149P-PA:H266R-PA:I357K-PA:S515T		PA	515	S	T	S515T	H5N1		Increased polymerase activity in mammalian cell line	polymerase_activity			increase	mammalian		literature	10.1016/j.virol.2010.01.036	20211480			
combination	PA:V44I-PA:V127A-PA:C241Y-PA:A343T-PA:I573V		PA	573	I	V	I573V	H5N1		Increased replication in mammalian cell line	replication_efficacy			increase	mammalian		literature	10.1128/JVI.03532-18	25631084		y	
combination	PA:V44I-PA:V127A-PA:C241Y-PA:A343T-PA:I573V		PA	573	I	V	I573V	H5N1		Increased virulence in mice	virulence			increase	mammalian	mouse	literature	10.1128/JVI.03532-23	25631084		y	
single			PA	615	K	N	K615N	H7N7		Increased polymerase activity in mammalian cell line	polymerase_activity			increase	mammalian		literature	10.1073/pnas.0507415102	16339318		y	
single			PA	615	K	N	K615N	H7N7		Increased virulence in mice	virulence			increase	mammalian	mouse	literature	10.1128/JVI.00666-07	17567688		y	
combination	PA:P103H-PA:S659L		PA	659	S	L	S659L	H7N7		Decreased polymerase activity replication in mammalian cell line	polymerase_activity			decrease	mammalian		literature	10.1016/j.virol.2016.08.004	27525812		y	
combination	PA:P103H-PA:S659L		PA	659	S	L	S659L	H7N7		Decreased virulence in mice	virulence			decrease	mammalian	mouse	literature	10.1016/j.virol.2016.08.004	27525812		y	
	Truncations resulting in loss of PA-X expression																					
single			PA	38	I	T	I38T	H5N1	BB genotype	Increased resistance to the antiviral drug baloxavir marboxil	baloxavir_marboxil_resistance			increase	avian		APHA					
