feature_type	combination_name	combination_id	segment	position_met1	position_N2	ref_AA	alt_AA	name	subtype_tested	subtype_notes	phenotypic_consequences	phenotypic_category	phenotypic_effect	host_type	host_taxon	source	references	PMID	additional_comments	gpha_background	gpha_known_muts
single			PB1	2		D	V	D3Va	H5N1		Increased polymerase activity and viral replication in avian cell lines	polymerase_activity	increase	avian		literature	10.1099/jgv.0.000674	27926816			
single			PB1	2		D	V	D3Va	H5N1		Increased polymerase activity and viral replication in avian cell lines	replication_efficacy	increase	avian		literature	10.1099/jgv.0.000674	27926816			
single			PB1	2		D	V	D3Va	H5N1		Increased polymerase activity and viral replication in mammalian cell lines	polymerase_activity	increase	mammalian		literature	10.1099/jgv.0.000674	27926816			
single			PB1	2		D	V	D3Va	H5N1		Increased polymerase activity and viral replication in mammalian cell lines	replication_efficacy	increase	mammalian		literature	10.1099/jgv.0.000674	27926816			
combination	PB1:V3A-PB1:N328K-PB1:N375S	PB1:V3A-PB1:N328K-PB1:N375S:1	PB1	3		V	A	V3A	H5N1		Decreased replication efficiency and virulence in ferrets	virulence	decrease	mammalian	ferret	literature	10.1084/jem.20051938	16533883			
combination	PB1:V3A-PB1:N328K-PB1:N375S	PB1:V3A-PB1:N328K-PB1:N375S:1	PB1	3		V	A	V3A	H5N1		Decreased replication efficiency and virulence in ferrets	replication_efficacy	decrease	mammalian	ferret	literature	10.1084/jem.20051938	16533883			
combination	PB1:T51M-PB1:V56A-PB1:E87G	PB1:T51M-PB1:V56A-PB1:E87G:1	PB1	51		T	M	T51M	H5N1		Decrease polymerase activity, replication and virulence in ducks	polymerase_activity	decrease	avian	duck	literature	10.1007/s00705-010-0666-4	20383540	PB1-F2		
combination	PB1:T51M-PB1:V56A-PB1:E87G	PB1:T51M-PB1:V56A-PB1:E87G:1	PB1	51		T	M	T51M	H5N1		Decrease polymerase activity, replication and virulence in ducks	replication_efficacy	decrease	avian	duck	literature	10.1007/s00705-010-0666-4	20383540	PB1-F2		
combination	PB1:T51M-PB1:V56A-PB1:E87G	PB1:T51M-PB1:V56A-PB1:E87G:1	PB1	51		T	M	T51M	H5N1		Decrease polymerase activity, replication and virulence in ducks	virulence	decrease	avian	duck	literature	10.1007/s00705-010-0666-4	20383540	PB1-F2		
combination	PB1:T51M-PB1:V56A-PB1:E87G	PB1:T51M-PB1:V56A-PB1:E87G:2	PB1	56		V	A	V56A	H5N1		Decrease polymerase activity, replication and virulence in ducks	polymerase_activity	decrease	avian	duck	literature	10.1007/s00705-010-0666-4	20383540	PB1-F2		
combination	PB1:T51M-PB1:V56A-PB1:E87G	PB1:T51M-PB1:V56A-PB1:E87G:2	PB1	56		V	A	V56A	H5N1		Decrease polymerase activity, replication and virulence in ducks	replication_efficacy	decrease	avian	duck	literature	10.1007/s00705-010-0666-4	20383540	PB1-F2		
combination	PB1:T51M-PB1:V56A-PB1:E87G	PB1:T51M-PB1:V56A-PB1:E87G:2	PB1	56		V	A	V56A	H5N1		Decrease polymerase activity, replication and virulence in ducks	virulence	decrease	avian	duck	literature	10.1007/s00705-010-0666-4	20383540	PB1-F2		
single			PB1	66		N	S	N66S	H5N1		Increased virulence, replication efficiency and antivirus response in mice	virulence	increase	mammalian	mouse	literature	10.1371/journal.ppat.1002186	21852950	PB1-F2. Also described in PMID 17922571 and 21084483		
single			PB1	66		N	S	N66S	H5N1		Increased virulence, replication efficiency and antivirus response in mice	replication_efficacy	increase	mammalian	mouse	literature	10.1371/journal.ppat.1002186	21852950	PB1-F2. Also described in PMID 17922571 and 21084483		
single			PB1	66		N	S	N66S	H5N1		Increased virulence, replication efficiency and antivirus response in mice	antivirus_response	increase	mammalian	mouse	literature	10.1371/journal.ppat.1002186	21852950	PB1-F2. Also described in PMID 17922571 and 21084483		
combination	PB1:T51M-PB1:V56A-PB1:E87G	PB1:T51M-PB1:V56A-PB1:E87G:3	PB1	87		E	G	E87G	H5N1		Decrease polymerase activity, replication and virulence in ducks	polymerase_activity	decrease	avian	duck	literature	10.1007/s00705-010-0666-4	20383540	PB1-F2		
combination	PB1:T51M-PB1:V56A-PB1:E87G	PB1:T51M-PB1:V56A-PB1:E87G:3	PB1	87		E	G	E87G	H5N1		Decrease polymerase activity, replication and virulence in ducks	replication_efficacy	decrease	avian	duck	literature	10.1007/s00705-010-0666-4	20383540	PB1-F2		
combination	PB1:T51M-PB1:V56A-PB1:E87G	PB1:T51M-PB1:V56A-PB1:E87G:3	PB1	87		E	G	E87G	H5N1		Decrease polymerase activity, replication and virulence in ducks	virulence	decrease	avian	duck	literature	10.1007/s00705-010-0666-4	20383540	PB1-F2		
combination	PB1:H99Y-PB1:I368V	PB1:H99Y-PB1:I368V:1	PB1	99		H	Y	H99Y	H5N1		Associated with mutations linked to transmissibility	transmissibility	unknown			literature	10.1126/science.1213362	22723413	There is no evidence these mutations affected transmissibility. Just associated.		
multi_segment_combination	NP:R99K-NP:S345N-PB1:H99Y-PB1:I368V-HA:H103Y-HA:T156A-HA:Q222L-HA:G224S-PB2:E627K	NP:R99K-NP:S345N-PB1:H99Y-PB1:I368V-HA:H103Y-HA:T156A-HA:Q222L-HA:G224S-PB2:E627K:3	PB1	99		H	Y	H99Y	H5N1		H5 virus transmissible among ferrets	transmissibility	increase	mammalian	ferret	CDC	https://doi.org/10.1126/science.1213362 	22723413	NP mutations associated but no evidence they contribute to transmissibility		
single			PB1	105		N	S	N105S	H5N1		Increase polymerase activity and replication in mammalian cell line	polymerase_activity	increase	mammalian		literature	10.1038/ncomms8491	26082035			
single			PB1	105		N	S	N105S	H5N1		Increase polymerase activity and replication in mammalian cell line	replication_efficacy	increase	mammalian		literature	10.1038/ncomms8491	26082035			
single			PB1	105		N	S	N105S	H5N1		Increased virulence in mice	virulence	increase	mammalian	mouse	literature	10.1038/ncomms8491	26082035			
single			PB1	207		K	R	K207R	H5N1		Decreased polymerase activity in mammalian cells	polymerase_activity	decrease			literature	10.1128/JVI.00435-07	17553873			
combination	PB1:V3A-PB1:N328K-PB1:N375S	PB1:V3A-PB1:N328K-PB1:N375S:2	PB1	328		N	K	N328K	H5N1		Decreased replication efficiency and virulence in ferrets	virulence	decrease	mammalian	ferret	literature	10.1084/jem.20051938	16533883			
combination	PB1:V3A-PB1:N328K-PB1:N375S	PB1:V3A-PB1:N328K-PB1:N375S:2	PB1	328		N	K	N328K	H5N1		Decreased replication efficiency and virulence in ferrets	replication_efficacy	decrease	mammalian	ferret	literature	10.1084/jem.20051938	16533883			
combination	PB1:H99Y-PB1:I368V	PB1:H99Y-PB1:I368V:2	PB1	368		I	V	I368V	H5N1		Associated with mutations linked to transmissibility	transmissibility	unknown			literature	10.1126/science.1213362	22723413	There is no evidence these mutations affected transmissibility. Just associated.		
multi_segment_combination	NP:R99K-NP:S345N-PB1:H99Y-PB1:I368V-HA:H103Y-HA:T156A-HA:Q222L-HA:G224S-PB2:E627K	NP:R99K-NP:S345N-PB1:H99Y-PB1:I368V-HA:H103Y-HA:T156A-HA:Q222L-HA:G224S-PB2:E627K:4	PB1	368		I	V	I368V	H5N1		H5 virus transmissible among ferrets	transmissibility	increase	mammalian	ferret	CDC	https://doi.org/10.1126/science.1213362 	22723413	NP mutations associated but no evidence they contribute to transmissibility		
combination	PB1:V3A-PB1:N328K-PB1:N375S	PB1:V3A-PB1:N328K-PB1:N375S:3	PB1	375		N	S	N375S	H5N1		Decreased replication efficiency and virulence in ferrets	virulence	decrease	mammalian	ferret	literature	10.1084/jem.20051938	16533883			
combination	PB1:V3A-PB1:N328K-PB1:N375S	PB1:V3A-PB1:N328K-PB1:N375S:3	PB1	375		N	S	N375S	H5N1		Decreased replication efficiency and virulence in ferrets	replication_efficacy	decrease	mammalian	ferret	literature	10.1084/jem.20051938	16533883			
single			PB1	436		Y	H	Y436H	H5N1		Decreased polymerase activity in mammalian cell line	polymerase_activity	decrease	mammalian		literature	10.1128/JVI.00435-07	26082035			
single			PB1	436		Y	H	Y436H	H5N1		Decreased virulence in ducks	virulence	decrease	avian	duck	literature	10.1128/JVI.00435-07	26082035			
single			PB1	436		Y	H	Y436H	H5N1		Decreased virulence in ferrets	virulence	decrease	mammalian	ferret	literature	10.1128/JVI.00435-07	26082035			
single			PB1	436		Y	H	Y436H	H5N1		Decreased virulence in mice	virulence	decrease	mammalian	mouse	literature	10.1128/JVI.00435-07	26082035			
combination	PB1:V473L-PB1:P598L	PB1:V473L-PB1:P598L:1	PB1	473		V	L	V473L	H5N1		Decreased polymerase activity and replication efficiency	polymerase_activity	decrease			literature	10.1099/vir.0.036434-0	22090209	Reduced growth rate in mammalian cells		
combination	PB1:V473L-PB1:P598L	PB1:V473L-PB1:P598L:1	PB1	473		V	L	V473L	H5N1		Decreased polymerase activity and replication efficiency	replication_efficacy	decrease			literature	10.1099/vir.0.036434-0	22090209	Reduced growth rate in mammalian cells		
single			PB1	473		V	L	V473L	H1N1	with PB2, PB1, PA NP from H5N1	Decreased polymerase activity and replication efficiency in mammalian cells	polymerase_activity	decrease	mammalian		literature	10.1099/vir.0.036434-0	22090209			
single			PB1	473		V	L	V473L	H1N1	with PB2, PB1, PA NP from H5N1	Decreased polymerase activity and replication efficiency in mammalian cells	replication_efficacy	decrease	mammalian		literature	10.1099/vir.0.036434-0	22090209			
single			PB1	577		K	E	K577E	H9N2		Increased polymerase activity and virulence in mice	polymerase_activity	increase	mammalian	mouse	literature	10.3390/v10110653	30463209			
single			PB1	577		K	E	K577E	H9N2		Increased polymerase activity and virulence in mice	virulence	increase	mammalian	mouse	literature	10.3390/v10110653	30463209			
combination	PB1:V473L-PB1:P598L	PB1:V473L-PB1:P598L:2	PB1	598		P	L	P598L	H5N1		Decreased polymerase activity and replication efficiency	polymerase_activity	decrease			literature	10.1099/vir.0.036434-0	22090209	Reduced growth rate in mammalian cells		
combination	PB1:V473L-PB1:P598L	PB1:V473L-PB1:P598L:2	PB1	598		P	L	P598L	H5N1		Decreased polymerase activity and replication efficiency	replication_efficacy	decrease			literature	10.1099/vir.0.036434-0	22090209	Reduced growth rate in mammalian cells		
single			PB1	598		V	P	V598P	H1N1	with PB2, PB1, PA NP from H5N1	Decreased polymerase activity and replication efficiency in mammalian cells	polymerase_activity	decrease	mammalian		literature	10.1099/vir.0.036434-0	22090209			
single			PB1	598		V	P	V598P	H1N1	with PB2, PB1, PA NP from H5N1	Decreased polymerase activity and replication efficiency in mammalian cells	replication_efficacy	decrease	mammalian		literature	10.1099/vir.0.036434-0	22090209			
single			PB1	622		D	G	D622G	H5N1		Increased polymerase activity and virulence in mice	polymerase_activity	increase	mammalian	mouse	literature	10.1128/JVI.02387-15	26656683			
single			PB1	622		D	G	D622G	H5N1		Increased polymerase activity and virulence in mice	virulence	increase	mammalian	mouse	literature	10.1128/JVI.02387-15	26656683			
single			PB1	678		S	N	S678N	H7N7		Increased replication in avian cell lines	replication_efficacy	increase	avian		literature	10.1128/JVI.00666-07	17567688			
single			PB1	678		S	N	S678N	H7N7		Increased replication in mammalian cell lines	replication_efficacy	increase	mammalian		literature	10.1128/JVI.00666-07	17567688			
